current_1,current_2,field_strength
0.0,0.0,0.0087146855598875
0.0,0.0,0.0091879408735466
0.0,0.0,0.0096089010721592
0.0,0.0,0.0099804927434899
0.0,0.0,0.0103056424753032
0.0,0.0,0.0105872768553639
0.0,0.0,0.0108283224714365
0.0,0.0,0.0110317059112856
0.0,0.0,0.0112003537626758
0.0,0.0,0.0113371926133717
0.0,0.0,0.0114451490511379
0.0,0.0,0.011527149663739
0.0,0.0,0.0115861210389396
0.0,0.0,0.0116249897645044
0.0,0.0,0.0116466824281978
0.0,0.0,0.0116541256177846
0.0,0.0,0.0116502459210292
0.0,0.0,0.0116379699256964
0.0,0.0,0.0116202242195507
0.0,0.0,0.0115999353903567
0.0,0.0,0.011580030025879
0.0,0.0,0.0115634347138823
0.0,0.0,0.011553076042131
0.0,0.0,0.0115518805983899
0.0,0.0,0.0115627749704235
0.0,0.0,0.0115886857459951
0.0,0.0,0.011612506059026
0.0,0.0,0.0116329553104246
0.0,0.0,0.0117567230061822
0.0,0.0,0.0119137381141121
0.0,0.0,0.0120965910666139
0.0,0.0,0.0123886061971944
0.0,0.0,0.0127184237695063
0.0,0.0,0.0130729308704598
0.0,0.0,0.0134748653876629
0.0,0.0,0.0138956090738165
0.0,0.0,0.0143574028856808
1.0,0.0,0.0148639224897488
1.0,0.0,0.0153504377902086
2.0,0.0,0.0158944675530571
1.0,0.0,0.0164652282044874
3.0,0.0,0.0171703775623436
3.0,0.0,0.0178712486579516
3.0,0.0,0.0186722815465787
4.0,0.0,0.0195464525810301
4.0,0.0,0.0204266592901287
5.0,0.0,0.0213396191759697
5.0,0.0,0.0223632295635209
6.0,0.0,0.0234067640490131
6.0,0.0,0.024500072798928
7.0,0.0,0.025727633559081
7.0,0.0,0.026869682076601
7.0,0.0,0.0280894783120762
8.0,0.0,0.0292799853903791
9.0,0.0,0.0305634608031856
9.0,0.0,0.0319067432557891
9.0,0.0,0.0332480728442281
10.0,0.0,0.0344981479082158
10.0,0.0,0.0357654609164378
10.0,0.0,0.0370112348184513
11.0,0.0,0.0381874342567171
11.0,0.0,0.0394393920587056
12.0,0.0,0.0405964407121291
12.0,0.0,0.0418215617341227
13.0,0.0,0.0429637830981399
13.0,0.0,0.0442177696437013
14.0,0.0,0.0454230237151411
14.0,0.0,0.0466653322612009
14.0,0.0,0.047885812589181
15.0,0.0,0.0490563592833302
15.0,0.0,0.0502336109085084
15.0,0.0,0.051415602029485
16.0,0.0,0.0525567512061367
15.0,0.0,0.0537073062356955
16.0,0.0,0.0548569976443343
17.0,0.0,0.0560824501800654
17.0,0.0,0.0572390554712384
17.0,0.0,0.0584871122335658
17.0,0.0,0.0597349106887968
18.0,0.0,0.0609914213005885
18.0,0.0,0.062321049672692
18.0,0.0,0.0635896513850749
19.0,0.0,0.0648861128904316
19.0,0.0,0.0661161552469967
20.0,0.0,0.0673384512672915
21.0,0.0,0.0685338386826348
21.0,0.0,0.0698214755713524
21.0,0.0,0.0710549806790557
21.0,0.0,0.072354712224504
23.0,0.0,0.073606667897339
23.0,0.0,0.0748189227841993
23.0,0.0,0.0760823557951393
24.0,0.0,0.0773317112505289
24.0,0.0,0.0785736712269722
24.0,0.0,0.0798302564270898
25.0,0.0,0.0810237677183986
25.0,0.0,0.0821682603229875
25.0,0.0,0.083327248975052
25.0,0.0,0.0843875444290825
25.0,0.0,0.0853871548619348
25.0,0.0,0.0863560551994281
25.0,0.0,0.087232571700368
25.0,0.0,0.0881675654035096
25.0,0.0,0.0889646158916293
25.0,0.0,0.0897366775464798
25.0,0.0,0.090444192348627
25.0,0.0,0.0910044157511955
25.0,0.0,0.0915355547577414
25.0,0.0,0.0920158322951714
25.0,0.0,0.0924546038188752
25.0,0.0,0.0928726477383297
25.0,0.0,0.0932819438718774
25.0,0.0,0.0935714530340328
25.0,0.0,0.0938489757412289
25.0,0.0,0.0940440930258786
25.0,0.0,0.0943176136039211
25.0,0.0,0.0945084975424021
25.0,0.0,0.0946601555188002
25.0,0.0,0.094813154476874
25.0,0.0,0.0948779166911937
25.0,0.0,0.0949728843688307
25.0,0.0,0.0950441024258649
25.0,0.0,0.0951462712858617
25.0,0.0,0.0952561797322591
25.0,0.0,0.0954472528935991
25.0,0.0,0.095661252372636
25.0,0.0,0.095830900722542
25.0,0.0,0.096057163310596
25.0,0.0,0.096339238102777
25.0,0.0,0.0967016328342545
26.0,0.0,0.0970423212530181
26.0,0.0,0.09735661158802
27.0,0.0,0.097736216041122
28.0,0.0,0.0981512535504653
28.0,0.0,0.0986580501256991
28.0,0.0,0.0993051209313798
28.0,0.0,0.0999067708668256
28.0,0.0,0.1005546948515137
29.0,0.0,0.1012458741760737
29.0,0.0,0.1019260483363037
30.0,0.0,0.1027270603637561
31.0,0.0,0.1035411339781074
31.0,0.0,0.1043959529094535
31.0,0.0,0.1053097554191365
31.0,0.0,0.1061709240979286
32.0,0.0,0.1070787938798035
32.0,0.0,0.1080068607216345
33.0,0.0,0.1090108004484685
34.0,0.0,0.1100240165802041
34.0,0.0,0.1111064477337975
34.0,0.0,0.112235897619412
34.0,0.0,0.113406272735496
35.0,0.0,0.1146027548528711
35.0,0.0,0.1156842147953386
36.0,0.0,0.1167637083512514
36.0,0.0,0.1179131976941582
36.0,0.0,0.1191106361638856
37.0,0.0,0.120383945095005
37.0,0.0,0.1216534615053426
38.0,0.0,0.1229236297311233
39.0,0.0,0.1241588222836159
39.0,0.0,0.1254388873134013
39.0,0.0,0.1266819353326088
42.0,0.0,0.1279919282429803
43.0,0.0,0.1293328324537211
43.0,0.0,0.1306702008425859
43.0,0.0,0.1319910343835493
43.0,0.0,0.1332440555391812
43.0,0.0,0.1346012823846362
44.0,0.0,0.1359433579922376
45.0,0.0,0.1373178570295883
45.0,0.0,0.1386268373235925
45.0,0.0,0.1399727391560234
46.0,0.0,0.1413223895897817
46.0,0.0,0.1427094008018135
46.0,0.0,0.1440326770028598
47.0,0.0,0.145464444494762
48.0,0.0,0.1468489258646683
48.0,0.0,0.1483043847199084
48.0,0.0,0.1497581439217021
49.0,0.0,0.1511447733810329
49.0,0.0,0.1525712574463569
50.0,0.0,0.1540142666877892
50.0,0.0,0.1555220628100115
51.0,0.0,0.1569593167228972
50.0,0.0,0.1584416203311328
51.0,0.0,0.1598176200140247
51.0,0.0,0.1612418958526618
52.0,0.0,0.1626491256426909
53.0,0.0,0.1640214828421743
53.0,0.0,0.1653476199460723
53.0,0.0,0.1666361964257206
54.0,0.0,0.1679670456182277
54.0,0.0,0.1692382472762492
54.0,0.0,0.170490240277223
55.0,0.0,0.1717917595868335
55.0,0.0,0.1731091944098192
56.0,0.0,0.1743582278647104
56.0,0.0,0.1756487840947494
56.0,0.0,0.1769051824276674
57.0,0.0,0.1781497424403516
57.0,0.0,0.1793538930666397
57.0,0.0,0.1805224278692398
58.0,0.0,0.1816116207388403
58.0,0.0,0.1827946661532324
58.0,0.0,0.184088704115587
59.0,0.0,0.1854212352714454
59.0,0.0,0.1866748550816335
60.0,0.0,0.187915818251807
60.0,0.0,0.1891319580511229
61.0,0.0,0.1903183599628308
61.0,0.0,0.1915412050102836
61.0,0.0,0.192749969761467
61.0,0.0,0.1939300244172914
62.0,0.0,0.1951125346213729
62.0,0.0,0.1963136282814783
62.0,0.0,0.1975532095403968
63.0,0.0,0.1986968499399528
64.0,0.0,0.1999824092051682
64.0,0.0,0.2011593204375855
64.0,0.0,0.202349848377063
65.0,0.0,0.2035246683956363
65.0,0.0,0.2047981006364571
65.0,0.0,0.2060534496590848
65.0,0.0,0.207383059570974
66.0,0.0,0.2087249436453583
67.0,0.0,0.2101047660875425
67.0,0.0,0.2113265320165555
68.0,0.0,0.212675118643659
68.0,0.0,0.2139051138870392
68.0,0.0,0.2151452844458287
68.0,0.0,0.2164031024032002
69.0,0.0,0.2177018614464399
70.0,0.0,0.2189898254773352
70.0,0.0,0.2202190243040355
70.0,0.0,0.2214691009082619
71.0,0.0,0.2226621607284163
72.0,0.0,0.2238741233776268
71.0,0.0,0.2251058396792416
72.0,0.0,0.2263292135495443
72.0,0.0,0.2275278722281099
73.0,0.0,0.2287696127658343
73.0,0.0,0.2300547616480285
73.0,0.0,0.231289761670679
74.0,0.0,0.2325582568800833
75.0,0.0,0.2338582789870392
75.0,0.0,0.2351545334435386
75.0,0.0,0.2363677999727917
75.0,0.0,0.2376964794898814
76.0,0.0,0.2389872996443582
76.0,0.0,0.240262658452032
76.0,0.0,0.2415159107114262
76.0,0.0,0.2427841536161351
77.0,0.0,0.2440543719223254
78.0,0.0,0.2454005249948749
78.0,0.0,0.246701758839356
78.0,0.0,0.2479939593421985
79.0,0.0,0.2492128367120142
79.0,0.0,0.2504358461120005
80.0,0.0,0.2516427441164851
80.0,0.0,0.2529051037622301
81.0,0.0,0.2541418256585356
81.0,0.0,0.2554061403882009
82.0,0.0,0.256629136537604
83.0,0.0,0.2578724660807418
83.0,0.0,0.2591243046274811
83.0,0.0,0.2603528765317144
84.0,0.0,0.2614702948877359
84.0,0.0,0.2626575756188962
84.0,0.0,0.2637780374187103
85.0,0.0,0.2649611857799414
86.0,0.0,0.26609710779403
85.0,0.0,0.2672907351015566
85.0,0.0,0.2683943827266442
86.0,0.0,0.2695093939386761
86.0,0.0,0.2706043906316928
87.0,0.0,0.2716230074973068
87.0,0.0,0.2725768284672041
88.0,0.0,0.2735892319644519
89.0,0.0,0.2745310813608142
89.0,0.0,0.2755163074361498
90.0,0.0,0.2763956751681482
90.0,0.0,0.2773318411741731
90.0,0.0,0.2781987579333295
90.0,0.0,0.2789958928854235
91.0,0.0,0.2798246910235465
92.0,0.0,0.2806899262497124
92.0,0.0,0.2815049096921459
92.0,0.0,0.2823273843574836
93.0,0.0,0.283157411492866
94.0,0.0,0.2839662197784443
94.0,0.0,0.2847666158010042
94.0,0.0,0.2855643808013438
95.0,0.0,0.2862756276019507
95.0,0.0,0.2870028058845845
95.0,0.0,0.287768548891221
96.0,0.0,0.2884264987655103
96.0,0.0,0.2890844373145147
97.0,0.0,0.2896982981720651
97.0,0.0,0.2902568517066865
97.0,0.0,0.2908254683004938
97.0,0.0,0.291292809146266
98.0,0.0,0.2918310576909669
98.0,0.0,0.2923473791931526
99.0,0.0,0.2928527828263039
100.0,0.0,0.2932747849328068
100.0,0.0,0.2936837871978637
100.0,0.0,0.2940840461618266
100.0,0.0,0.2943960590953019
100.0,0.0,0.2947159954018999
100.0,0.0,0.2950252904029192
100.0,0.0,0.2952970772384081
100.0,0.0,0.2956429903281722
100.0,0.0,0.2958614425694461
100.0,0.0,0.2960408611293229
100.0,0.0,0.2962492591451329
100.0,0.0,0.2963332954086949
100.0,0.0,0.296434172031042
100.0,0.0,0.2965804878026336
100.0,0.0,0.2966967615347679
100.0,0.0,0.2968355491856774
100.0,0.0,0.2969443911526528
100.0,0.0,0.297001596049706
100.0,0.0,0.2970354087068443
100.0,0.0,0.2970393927608432
100.0,0.0,0.2970603080930138
100.0,0.0,0.2970509450949845
100.0,0.0,0.2970391872975258
100.0,0.0,0.29698818666331
100.0,0.0,0.2969862418853988
100.0,0.0,0.2969155970010299
100.0,0.0,0.296876575097929
100.0,0.0,0.2968554132596088
100.0,0.0,0.2968712674352413
100.0,0.0,0.2968853053296444
100.0,0.0,0.2969188614690813
100.0,0.0,0.2970005984280158
100.0,0.0,0.2970082226550651
100.0,0.0,0.2971006650206906
100.0,0.0,0.2972162170150732
100.0,0.0,0.2973004945525033
101.0,0.0,0.297294092754048
101.0,0.0,0.297347676572481
101.0,0.0,0.2973683096559031
101.0,0.0,0.2974357332442064
101.0,0.0,0.2975548650252206
102.0,0.0,0.2976371387120539
102.0,0.0,0.2977831812045226
103.0,0.0,0.2979178804502586
103.0,0.0,0.298036849577532
103.0,0.0,0.2981973490452437
103.0,0.0,0.2983510434211072
104.0,0.0,0.2985352539581522
104.0,0.0,0.2986978007429038
104.0,0.0,0.2988794398740279
105.0,0.0,0.2990544515390713
105.0,0.0,0.2992333731454497
105.0,0.0,0.2994738257717832
106.0,0.0,0.2996830608846963
106.0,0.0,0.2999643899068711
106.0,0.0,0.3002122745022187
106.0,0.0,0.3004458099163843
107.0,0.0,0.3006208753765306
108.0,0.0,0.3007852205259111
108.0,0.0,0.3010171282021892
108.0,0.0,0.3012454397834254
108.0,0.0,0.3014061203424414
109.0,0.0,0.301662282633773
109.0,0.0,0.3019165582232541
109.0,0.0,0.3021160930711554
109.0,0.0,0.3023261942739007
110.0,0.0,0.3025029247094711
110.0,0.0,0.3027213099277093
110.0,0.0,0.3029337923168914
111.0,0.0,0.3030641716912827
111.0,0.0,0.3032909898525094
111.0,0.0,0.3034719486511231
111.0,0.0,0.3036513917189162
111.0,0.0,0.3038849281297069
112.0,0.0,0.3041611015198177
112.0,0.0,0.3043152709687294
113.0,0.0,0.3045412290198743
113.0,0.0,0.3047173481845212
113.0,0.0,0.3048919484246173
114.0,0.0,0.3049894331015069
114.0,0.0,0.3050681980565455
114.0,0.0,0.3052258569163159
114.0,0.0,0.3053010714172106
114.0,0.0,0.3054937483294848
115.0,0.0,0.3055943771772503
115.0,0.0,0.3056730188905394
116.0,0.0,0.3058068646628106
115.0,0.0,0.3059789952433446
116.0,0.0,0.3061446099798053
117.0,0.0,0.3062790305102815
117.0,0.0,0.3064821775804304
117.0,0.0,0.3066058802011012
118.0,0.0,0.3067084993544229
118.0,0.0,0.306866140909158
118.0,0.0,0.3069499570318335
119.0,0.0,0.307113038324728
119.0,0.0,0.307299005481402
119.0,0.0,0.3074195469432697
119.0,0.0,0.3075631858478882
120.0,0.0,0.3077289239846522
120.0,0.0,0.3078347629164514
120.0,0.0,0.3079833883213304
120.0,0.0,0.3081635917687469
121.0,0.0,0.3082924605766475
121.0,0.0,0.3083809553783417
122.0,0.0,0.3084062690207798
122.0,0.0,0.3085280260934201
122.0,0.0,0.3085906721329681
122.0,0.0,0.3087357660195794
122.0,0.0,0.308873224852169
123.0,0.0,0.3088963472105462
123.0,0.0,0.3089833436317562
123.0,0.0,0.309105716029772
124.0,0.0,0.3091681065708942
123.0,0.0,0.3091874353212622
124.0,0.0,0.3093231201612359
125.0,0.0,0.3094617900744842
125.0,0.0,0.3095361793924756
125.0,0.0,0.3095800570793994
125.0,0.0,0.3096858104599969
126.0,0.0,0.3098601262995402
126.0,0.0,0.3099532388502209
126.0,0.0,0.3100728540170423
127.0,0.0,0.310170199732687
127.0,0.0,0.3102234316745204
127.0,0.0,0.3103147739925797
128.0,0.0,0.3103806068313756
128.0,0.0,0.3104014898411833
128.0,0.0,0.3104246910461936
128.0,0.0,0.3105680812928583
128.0,0.0,0.3106594362272848
129.0,0.0,0.310802523431978
130.0,0.0,0.3108583832929035
130.0,0.0,0.310989846134644
130.0,0.0,0.3111147550114022
131.0,0.0,0.3112496817368093
130.0,0.0,0.3113790533647058
131.0,0.0,0.3114593196221521
131.0,0.0,0.3115538583206504
131.0,0.0,0.3115823055787989
131.0,0.0,0.3117022253278306
132.0,0.0,0.311708180094643
133.0,0.0,0.3118172643321115
133.0,0.0,0.3119495565924118
133.0,0.0,0.3120174271670569
133.0,0.0,0.3120939277446464
133.0,0.0,0.3121721411356632
134.0,0.0,0.3122731378060294
134.0,0.0,0.3123556305238712
134.0,0.0,0.3124520488572423
135.0,0.0,0.3125454092278055
136.0,0.0,0.3126476080318555
136.0,0.0,0.3126872786472714
136.0,0.0,0.3127195189698156
136.0,0.0,0.3126948406305554
136.0,0.0,0.3127512842872633
137.0,0.0,0.3128022133683296
137.0,0.0,0.3127852864164169
137.0,0.0,0.3128567116808622
137.0,0.0,0.3129356628235835
138.0,0.0,0.3129188483543995
138.0,0.0,0.3130465030917662
138.0,0.0,0.3131323953656569
139.0,0.0,0.3131725903644111
139.0,0.0,0.3132581782599467
139.0,0.0,0.3133588092595163
139.0,0.0,0.3133921156764227
140.0,0.0,0.3134254630002578
140.0,0.0,0.3135208743572534
141.0,0.0,0.3136141974676297
141.0,0.0,0.3136476168882281
141.0,0.0,0.3137073491584947
141.0,0.0,0.3137663657613623
141.0,0.0,0.3138298014224191
142.0,0.0,0.3139187774581164
142.0,0.0,0.31394826308633
143.0,0.0,0.3139857307299912
143.0,0.0,0.3139971800040405
144.0,0.0,0.3140943438356107
144.0,0.0,0.3142139797956552
144.0,0.0,0.3142245453124279
144.0,0.0,0.3143357877641256
144.0,0.0,0.3144137044326797
144.0,0.0,0.314561586830922
145.0,0.0,0.3146044406214949
145.0,0.0,0.3146164901356402
145.0,0.0,0.3146425012570699
146.0,0.0,0.3147018974155333
147.0,0.0,0.3147872814559418
147.0,0.0,0.3148032325533619
147.0,0.0,0.3148747111825494
147.0,0.0,0.314901732995048
148.0,0.0,0.3150230879521252
148.0,0.0,0.3150975038392348
148.0,0.0,0.3151557629164506
148.0,0.0,0.3151707812407614
148.0,0.0,0.3151908237785312
148.0,0.0,0.3152652813653395
150.0,0.0,0.3152132440598513
150.0,0.0,0.3151726496183011
150.0,0.0,0.3152079917551559
150.0,0.0,0.315168280232811
150.0,0.0,0.3152075949398259
151.0,0.0,0.3152506859724654
151.0,0.0,0.3152881403428928
151.0,0.0,0.3153545606921646
152.0,0.0,0.3153448646175083
152.0,0.0,0.3154603896350624
152.0,0.0,0.3155684661033856
153.0,0.0,0.315682106117882
153.0,0.0,0.3156973083874691
153.0,0.0,0.3158201030600551
153.0,0.0,0.3158249874515476
154.0,0.0,0.3158518914131322
154.0,0.0,0.3159316970259433
154.0,0.0,0.3159826787016324
155.0,0.0,0.3160450661396266
155.0,0.0,0.3160572399374475
155.0,0.0,0.3160941645110505
156.0,0.0,0.3161468151713146
156.0,0.0,0.3161580588914442
156.0,0.0,0.3162306648621344
156.0,0.0,0.3162540622437285
157.0,0.0,0.3162593753425529
157.0,0.0,0.316246399601313
158.0,0.0,0.3162319270424782
158.0,0.0,0.3163115838183961
158.0,0.0,0.3163041900382425
158.0,0.0,0.3163200409748436
159.0,0.0,0.3163191314185682
159.0,0.0,0.3163228559876411
159.0,0.0,0.3163872795306433
159.0,0.0,0.3163718997938429
159.0,0.0,0.3163257816711222
160.0,0.0,0.3162984663298913
161.0,0.0,0.316366248544664
161.0,0.0,0.3163572429952744
161.0,0.0,0.316412403497211
161.0,0.0,0.3164235513374792
162.0,0.0,0.3163799209268244
162.0,0.0,0.3163562897913514
162.0,0.0,0.3163507024167789
162.0,0.0,0.3163465041789932
162.0,0.0,0.3163207786359457
163.0,0.0,0.3162655240208922
164.0,0.0,0.3162449369634277
164.0,0.0,0.3161933998051682
164.0,0.0,0.3162387430292503
164.0,0.0,0.3161949732043391
164.0,0.0,0.3162210070895914
165.0,0.0,0.3162510871820057
166.0,0.0,0.3163028192484171
166.0,0.0,0.3163578401775435
166.0,0.0,0.3163573936215627
166.0,0.0,0.3164579484472665
166.0,0.0,0.316500351332949
167.0,0.0,0.3165597004235287
167.0,0.0,0.3166466838886128
167.0,0.0,0.3167105911798312
167.0,0.0,0.3167537402205795
168.0,0.0,0.3167878220570878
168.0,0.0,0.3169170994586144
169.0,0.0,0.317009029944016
169.0,0.0,0.3171294586286975
169.0,0.0,0.31717626906608
169.0,0.0,0.3171755736029891
170.0,0.0,0.3172574460802819
170.0,0.0,0.317274320596126
170.0,0.0,0.3173328445717539
170.0,0.0,0.317366968153262
171.0,0.0,0.3173675737162419
171.0,0.0,0.3174363739382174
172.0,0.0,0.3174244366349943
172.0,0.0,0.3174400416543605
172.0,0.0,0.3174276467869796
172.0,0.0,0.3174292183288039
173.0,0.0,0.3174026601281651
173.0,0.0,0.3173730137941599
173.0,0.0,0.3173750244399276
173.0,0.0,0.3173634195791154
174.0,0.0,0.3173661665043005
174.0,0.0,0.3173415516319365
175.0,0.0,0.31730908179117
175.0,0.0,0.3173557643207856
175.0,0.0,0.3173625863779103
175.0,0.0,0.3174079027157663
175.0,0.0,0.317387054633137
176.0,0.0,0.3173782130285706
177.0,0.0,0.3173330065459776
177.0,0.0,0.3173296384968711
177.0,0.0,0.3173309415161921
177.0,0.0,0.3173048705972585
177.0,0.0,0.3172532289972222
178.0,0.0,0.3172633291806918
178.0,0.0,0.3172103323064705
178.0,0.0,0.3172336836847576
179.0,0.0,0.3172388450700665
179.0,0.0,0.3172622754082395
180.0,0.0,0.3172091602074421
180.0,0.0,0.3172081351785627
180.0,0.0,0.3172626418038543
180.0,0.0,0.3172478611066698
180.0,0.0,0.3172220123898246
181.0,0.0,0.3172154855149237
181.0,0.0,0.3172301821105431
181.0,0.0,0.317233109900527
182.0,0.0,0.3172375103852491
182.0,0.0,0.3173023807786896
182.0,0.0,0.3173489667489266
183.0,0.0,0.3173799713016912
183.0,0.0,0.3174511216108714
183.0,0.0,0.3175203200525122
183.0,0.0,0.3174714790368607
184.0,0.0,0.3174523111281878
184.0,0.0,0.3174486112029347
184.0,0.0,0.3174518607669113
185.0,0.0,0.3175011334571193
185.0,0.0,0.3174499393417374
185.0,0.0,0.3174382226097615
186.0,0.0,0.3174308072662657
186.0,0.0,0.317402528868114
186.0,0.0,0.3174359767378279
187.0,0.0,0.3173663985820373
187.0,0.0,0.3173282197331393
187.0,0.0,0.3172637014201536
188.0,0.0,0.3172934544609927
188.0,0.0,0.3173106981584717
188.0,0.0,0.3173087610817542
188.0,0.0,0.3173030430360453
189.0,0.0,0.3172224404176395
189.0,0.0,0.317276628190862
189.0,0.0,0.3172683138915573
189.0,0.0,0.3172925005775525
190.0,0.0,0.3173058222609428
190.0,0.0,0.3172769373937884
191.0,0.0,0.3173200949738015
191.0,0.0,0.3172672626106676
191.0,0.0,0.3172370918480229
191.0,0.0,0.3172959791614388
192.0,0.0,0.3173188464291007
192.0,0.0,0.3173129469976299
192.0,0.0,0.3172720049377872
192.0,0.0,0.3173119027157662
192.0,0.0,0.3173942671634321
193.0,0.0,0.3174004605313453
194.0,0.0,0.3174631056648704
194.0,0.0,0.3174566316790497
194.0,0.0,0.3174474309270508
194.0,0.0,0.3174586331739872
195.0,0.0,0.317503427121755
195.0,0.0,0.3175701728238094
195.0,0.0,0.3175446891208943
195.0,0.0,0.3175936866293317
196.0,0.0,0.3176602293822819
196.0,0.0,0.3177141065708932
196.0,0.0,0.3177976011913828
197.0,0.0,0.3177772729619779
197.0,0.0,0.3177996711589925
197.0,0.0,0.3177245332170233
198.0,0.0,0.3177281672064682
198.0,0.0,0.3177001668893602
198.0,0.0,0.3176366450202351
199.0,0.0,0.3176023075040967
199.0,0.0,0.3176147806744969
199.0,0.0,0.3175629741103618
200.0,0.0,0.3175514332600594
200.0,0.0,0.3175151814989776
200.0,0.0,0.3174730736143142
200.0,0.0,0.3174794767491531
200.0,0.0,0.3174572844231662
200.0,0.0,0.3174080017893579
200.0,0.0,0.3173947057011113
200.0,0.0,0.3173603002106132
200.0,0.0,0.3173560673627571
200.0,0.0,0.3173196035470421
200.0,0.0,0.3172710286529336
200.0,0.0,0.3172011207501499
200.0,0.0,0.3171136667874327
200.0,0.0,0.3170552417721435
200.0,0.0,0.3169152321909526
200.0,0.0,0.3168140377131614
200.0,0.0,0.3166851328682047
200.0,0.0,0.3166254094090096
200.0,0.0,0.3165007301863773
200.0,0.0,0.3163806564361225
200.0,0.0,0.3162830000679148
199.0,0.0,0.3161788916396378
197.0,0.0,0.3161025634328834
196.0,0.0,0.3160146101157076
195.0,0.0,0.315871731681315
194.0,0.0,0.3157221338421792
194.0,0.0,0.3156342238781937
191.0,0.0,0.3155379118892472
190.0,0.0,0.3154180892205571
188.0,0.0,0.3152742706969212
187.0,0.0,0.3152046387007265
186.0,0.0,0.3151400970576542
184.0,0.0,0.3150183269156351
182.0,0.0,0.3149191361978386
181.0,0.0,0.3148626339214564
180.0,0.0,0.3147730311444965
178.0,0.0,0.3146411310788099
177.0,0.0,0.3145478542661981
175.0,0.0,0.3144750172143962
173.0,0.0,0.3143450527984412
172.0,0.0,0.3142000536365122
170.0,0.0,0.3140370695372121
169.0,0.0,0.3139056148723274
168.0,0.0,0.3137253432013949
167.0,0.0,0.3136183336881556
164.0,0.0,0.3134819486284714
162.0,0.0,0.3133664246075422
161.0,0.0,0.3132503973136059
160.0,0.0,0.3131175829576748
159.0,0.0,0.3129971357221768
158.0,0.0,0.3129608021019363
155.0,0.0,0.3128289691498876
154.0,0.0,0.3127869215157396
153.0,0.0,0.3126913565878816
151.0,0.0,0.312528538268101
150.0,0.0,0.3123951415433733
148.0,0.0,0.3123645604883098
146.0,0.0,0.3122485577022898
145.0,0.0,0.312145800856155
144.0,0.0,0.3120141212031618
142.0,0.0,0.3118734965457517
141.0,0.0,0.3117717341275769
140.0,0.0,0.3116478806994132
137.0,0.0,0.311466879657487
136.0,0.0,0.3112580064780266
134.0,0.0,0.3111378573466759
133.0,0.0,0.3110066889623412
132.0,0.0,0.3107952940949601
131.0,0.0,0.3105944350268046
128.0,0.0,0.3104030107816349
127.0,0.0,0.310168813925534
125.0,0.0,0.309903743029251
124.0,0.0,0.3096289437812499
123.0,0.0,0.3092762523726111
122.0,0.0,0.3089244988108091
119.0,0.0,0.3085606395840995
118.0,0.0,0.3081881849192147
117.0,0.0,0.3077389028516708
115.0,0.0,0.3073116555754018
114.0,0.0,0.3068189184126122
112.0,0.0,0.3062670216086077
108.0,0.0,0.3055742285668628
106.0,0.0,0.3048674104735879
104.0,0.0,0.3041517565063407
103.0,0.0,0.3032839960134644
101.0,0.0,0.3023027233459068
98.0,0.0,0.3012884649935094
95.0,0.0,0.300111421232609
93.0,0.0,0.2989100372601522
91.0,0.0,0.2975116431628908
89.0,0.0,0.2960419456612488
87.0,0.0,0.2944390144963302
83.0,0.0,0.2927340500124236
81.0,0.0,0.2908323846972412
79.0,0.0,0.2888543820924258
78.0,0.0,0.2867189755600018
76.0,0.0,0.2844832336179423
73.0,0.0,0.2820844943259993
70.0,0.0,0.2795346642279227
68.0,0.0,0.276879503114421
66.0,0.0,0.2740432348637248
64.0,0.0,0.2710324942127478
62.0,0.0,0.267876152574206
60.0,0.0,0.2645242943441218
56.0,0.0,0.2610180942489899
54.0,0.0,0.2574290312577561
53.0,0.0,0.2535943092708486
51.0,0.0,0.2495503910167549
48.0,0.0,0.2453423144125288
46.0,0.0,0.2409016897324686
43.0,0.0,0.2363353298149172
39.0,0.0,0.2316513762938867
37.0,0.0,0.2267166117239084
34.0,0.0,0.2215995443611148
32.0,0.0,0.216387333846721
31.0,0.0,0.2110626982943874
27.0,0.0,0.205535842148156
25.0,0.0,0.1998649078801098
23.0,0.0,0.1942129273369498
21.0,0.0,0.188381484337109
19.0,0.0,0.1825287211941167
17.0,0.0,0.176643792113051
14.0,0.0,0.1706827601077967
12.0,0.0,0.1647564662619572
9.0,0.0,0.158832907381802
7.0,0.0,0.1529565022084127
6.0,0.0,0.1470894468051199
4.0,0.0,0.1413560669324168
0.0,0.0,0.1356690231488663
0.0,0.0,0.1299891140003019
0.0,0.0,0.1244475816439638
0.0,0.0,0.1190513780153432
0.0,0.0,0.1138105614623074
0.0,0.0,0.1086794875534993
0.0,0.0,0.1037027393372322
0.0,0.0,0.0989549839860356
0.0,0.0,0.0943759171895063
0.0,0.0,0.0899313257378318
0.0,0.0,0.0857623079118339
0.0,0.0,0.0816799746993041
0.0,0.0,0.0778732764954947
0.0,0.0,0.0742326423248457
0.0,0.0,0.0707469320482827
0.0,0.0,0.0674282453056615
0.0,0.0,0.0644326778862413
0.0,0.0,0.061629628598602
0.0,0.0,0.0589851475458038
0.0,0.0,0.0565578556479129
0.0,0.0,0.0542541247366807
0.0,0.0,0.0521619594328236
0.0,0.0,0.050225485922665
0.0,0.0,0.048472591519621
0.0,0.0,0.0467872625880486
0.0,0.0,0.0452681554961554
0.0,0.0,0.0438773980158049
0.0,0.0,0.0425236636390355
0.0,0.0,0.0412279910530201
0.0,0.0,0.0401498290108449
0.0,0.0,0.0390617806518788
0.0,0.0,0.0380821763120298
0.0,0.0,0.037188540374636
0.0,0.0,0.0362406252463207
0.0,0.0,0.0353701351785956
0.0,0.0,0.0345226293234234
0.0,0.0,0.0337334314027458
0.0,0.0,0.0330304461482667
0.0,0.0,0.0323818466782901
0.0,0.0,0.0317371870484005
0.0,0.0,0.0311840717343504
0.0,0.0,0.0305933276857877
0.0,0.0,0.0300263607556195
0.0,0.0,0.0295045551201578
0.0,0.0,0.0290703568823721
0.0,0.0,0.0286341908763471
0.0,0.0,0.0282255003057794
0.0,0.0,0.0278408873134126
0.0,0.0,0.027417556071482
0.0,0.0,0.0270668417631171
0.0,0.0,0.0266568681510308
0.0,0.0,0.0262812435389219
0.0,0.0,0.0259804878479663
0.0,0.0,0.0257124105189215
0.0,0.0,0.0254033421595023
0.0,0.0,0.025162956420301
0.0,0.0,0.0248694029536313
0.0,0.0,0.0246244637251098
0.0,0.0,0.024382834945296
0.0,0.0,0.024220922263242
0.0,0.0,0.0240898324084322
0.0,0.0,0.0239647347618264
0.0,0.0,0.0238792140931816
0.0,0.0,0.0238112306280975
0.0,0.0,0.0237172550001104
0.0,0.0,0.0237201827447932
0.0,0.0,0.0238289159210826
0.0,0.0,0.0238859961494003
0.0,0.0,0.0239755851548138
0.0,0.0,0.0241978704160881
0.0,0.0,0.0243972987836615
0.0,0.0,0.0246540492649861
0.0,0.0,0.0250171330947444
0.0,0.0,0.0253386367301608
0.0,0.0,0.0257548662936842
0.0,0.0,0.0261770783936185
0.0,0.0,0.0266743472785309
0.0,0.0,0.0271336138304346
0.0,0.0,0.0277162569707095
0.0,0.0,0.0283235699109799
0.0,0.0,0.0288942832680208
0.0,0.0,0.0295510701488107
0.0,0.0,0.0302546057668315
0.0,0.0,0.0309918398378183
0.0,1.0,0.0318400700808588
0.0,1.0,0.0326788232802516
0.0,1.0,0.0335525503635377
0.0,1.0,0.034474087317942
0.0,2.0,0.0353792371514602
0.0,2.0,0.036285476590632
0.0,3.0,0.0372616609662689
0.0,3.0,0.0381883499965979
0.0,3.0,0.0391546220299394
0.0,3.0,0.0401419199755326
0.0,4.0,0.0411892610931116
0.0,4.0,0.0420893509026202
0.0,4.0,0.0430598289202423
0.0,4.0,0.0439926329022123
0.0,5.0,0.0449551806609383
0.0,5.0,0.0459454205984226
0.0,6.0,0.0469541698113152
0.0,6.0,0.0480049927971132
0.0,6.0,0.0490336829373201
0.0,6.0,0.0500321802985286
0.0,7.0,0.0509713830437775
0.0,7.0,0.0519821744093803
0.0,7.0,0.052937331898791
0.0,7.0,0.0539532470044558
0.0,7.0,0.0549761465491792
0.0,8.0,0.0560507606061227
0.0,9.0,0.0570240781671092
0.0,9.0,0.058033214863297
0.0,9.0,0.0590203184217014
0.0,9.0,0.0599573812317309
0.0,9.0,0.0609685405558378
0.0,10.0,0.0620099867267589
0.0,10.0,0.0630706293234201
0.0,10.0,0.0640879243697404
0.0,10.0,0.0651744991958971
0.0,11.0,0.0662188677886171
0.0,11.0,0.0673020300799486
0.0,12.0,0.0683234606219766
0.0,12.0,0.0694351745679322
0.0,12.0,0.0704477489637282
0.0,12.0,0.0715527169811237
0.0,13.0,0.0725212610025057
0.0,13.0,0.0736525727649464
0.0,14.0,0.0747404496591001
0.0,14.0,0.0758685126503343
0.0,14.0,0.0770197152823303
0.0,14.0,0.0782053870755758
0.0,15.0,0.0793976025277943
0.0,15.0,0.0805369367369495
0.0,15.0,0.0817037775487458
0.0,15.0,0.0827988365081785
0.0,16.0,0.0838942713538147
0.0,16.0,0.0849106252236644
0.0,17.0,0.0859681125053694
0.0,17.0,0.0869698172778443
0.0,17.0,0.0879741159029546
0.0,17.0,0.0889847656118947
0.0,18.0,0.0898997085551096
0.0,18.0,0.0908759666810014
0.0,18.0,0.0918130250741699
0.0,18.0,0.0927658340166146
0.0,19.0,0.0935456371831642
0.0,19.0,0.0944124042220551
0.0,20.0,0.0952790519830462
0.0,20.0,0.0960140605449614
0.0,20.0,0.0967556529253097
0.0,20.0,0.0974689891730163
0.0,20.0,0.0980611983057259
0.0,20.0,0.0986294585381207
0.0,20.0,0.099140909171204
0.0,20.0,0.0996701455751995
0.0,20.0,0.1001710258895894
0.0,20.0,0.1006260051416675
0.0,20.0,0.1010641922353729
0.0,20.0,0.1014567904595682
0.0,20.0,0.1018048637568116
0.0,20.0,0.102102423814797
0.0,20.0,0.1023751281342606
0.0,20.0,0.1025786861083936
0.0,20.0,0.1028401607737314
0.0,20.0,0.1030511971505463
0.0,20.0,0.1032299951980671
0.0,20.0,0.103391763346836
0.0,20.0,0.1035218052503899
0.0,20.0,0.103608156583376
0.0,20.0,0.1036799718226792
0.0,20.0,0.1038266082583855
0.0,20.0,0.103884886248827
0.0,20.0,0.1039448768941417
0.0,20.0,0.1039343671430715
0.0,20.0,0.1040293297243304
0.0,20.0,0.1040684646764244
0.0,20.0,0.1042210838750473
0.0,20.0,0.1042473033817178
0.0,20.0,0.104306090466363
0.0,20.0,0.1043427852499368
0.0,20.0,0.1043771190060808
0.0,20.0,0.1043628997032653
0.0,20.0,0.1043397320210981
0.0,20.0,0.1043602651022551
0.0,20.0,0.1043801386894258
0.0,20.0,0.1043676127205477
0.0,20.0,0.1043241567192793
0.0,20.0,0.104366149312543
0.0,20.0,0.1044284398287495
0.0,20.0,0.1045021068200743
0.0,20.0,0.1045385482570264
0.0,20.0,0.1045004113116823
0.0,20.0,0.1045324460576561
0.0,20.0,0.1045339019230211
0.0,20.0,0.1045350225599551
0.0,20.0,0.1045754825024227
0.0,20.0,0.10461531221544
0.0,20.0,0.1046808397245568
0.0,20.0,0.1047296636616788
0.0,20.0,0.1048895629572461
0.0,20.0,0.1050105259235647
0.0,20.0,0.105131249156254
0.0,20.0,0.1053168962830292
0.0,20.0,0.1055111920088667
0.0,20.0,0.1057809470429557
0.0,20.0,0.1060218053636425
0.0,20.0,0.1063795119708136
1.0,20.0,0.1066984651294355
1.0,20.0,0.1070525483476284
1.0,20.0,0.1074894408027236
1.0,20.0,0.1079554276427426
1.0,20.0,0.1083630796167397
2.0,20.0,0.1088523882534018
3.0,20.0,0.1094089626944989
3.0,20.0,0.1099761066615197
3.0,20.0,0.1106695804661358
4.0,20.0,0.1113521211352335
4.0,20.0,0.1120379598178763
5.0,20.0,0.1127995426170336
5.0,20.0,0.1136259286733428
6.0,20.0,0.1144524204398607
6.0,20.0,0.1152548153978438
6.0,20.0,0.1161514554576411
7.0,20.0,0.1171271192552355
7.0,20.0,0.118102306235688
8.0,20.0,0.119087519717307
8.0,20.0,0.1201590489252164
9.0,20.0,0.1211936947609091
9.0,20.0,0.1223283967700145
9.0,20.0,0.1233889546761957
10.0,20.0,0.1245531201159563
10.0,20.0,0.1257181168995753
11.0,20.0,0.1268937904822158
11.0,20.0,0.1281500954947867
12.0,20.0,0.1293884870551843
12.0,20.0,0.1305696586558999
13.0,20.0,0.1318041602980661
14.0,20.0,0.1330702048970376
14.0,20.0,0.1343159590930555
14.0,20.0,0.1356025779519196
14.0,20.0,0.1368960967179165
15.0,20.0,0.1381823458288815
15.0,20.0,0.1395249564202877
16.0,20.0,0.1408691047588682
17.0,20.0,0.1421790780538464
17.0,20.0,0.1434781794151455
17.0,20.0,0.1447395765249327
18.0,20.0,0.1461251812724919
18.0,20.0,0.1474329259552705
19.0,20.0,0.1487576402183341
19.0,20.0,0.1500830885184087
20.0,20.0,0.1513703196448214
20.0,20.0,0.1527305210763372
20.0,20.0,0.154138305329661
21.0,20.0,0.1555243112641101
21.0,20.0,0.1569167487372124
22.0,20.0,0.1582750213594687
22.0,20.0,0.1596252633355042
23.0,20.0,0.1609554592402811
23.0,20.0,0.1623358665654752
23.0,20.0,0.1636792187818332
24.0,20.0,0.1649995525832782
25.0,20.0,0.1664001648055254
25.0,20.0,0.1678114137126353
25.0,20.0,0.1692159884255391
26.0,20.0,0.1706107559627425
26.0,20.0,0.1719884361593493
26.0,20.0,0.1733944955717934
27.0,20.0,0.1747674553896826
28.0,20.0,0.1761471436725428
28.0,20.0,0.1774896804230919
28.0,20.0,0.1788675346893265
29.0,20.0,0.1803427380234902
29.0,20.0,0.1817080651203665
30.0,20.0,0.1831222985118361
31.0,20.0,0.1845751332306292
31.0,20.0,0.1859559375297071
31.0,20.0,0.187377513873452
32.0,20.0,0.1888109462954773
32.0,20.0,0.1901807322702444
32.0,20.0,0.1915894513578793
33.0,20.0,0.193005463679789
34.0,20.0,0.1944075971369453
34.0,20.0,0.1958277102991911
34.0,20.0,0.1971815496840015
34.0,20.0,0.1985853468254994
36.0,20.0,0.2000508972796432
36.0,20.0,0.2015133489093515
36.0,20.0,0.202951554304717
37.0,20.0,0.2043943090443485
37.0,20.0,0.2058167692812734
37.0,20.0,0.2072066091190951
38.0,20.0,0.2085931746585183
39.0,20.0,0.2099462241500128
42.0,20.0,0.2113101174884801
42.0,20.0,0.2127685970463408
42.0,20.0,0.2141773181045753
42.0,20.0,0.2156505755056487
43.0,20.0,0.2170994939635978
43.0,20.0,0.2185402548868349
44.0,20.0,0.2200004222745445
45.0,20.0,0.221379830890821
45.0,20.0,0.2228492091326837
45.0,20.0,0.2242629272010429
46.0,20.0,0.2256699675190567
46.0,20.0,0.227088972547483
46.0,20.0,0.228516450723659
47.0,20.0,0.2299906725633381
48.0,20.0,0.2313558521370542
48.0,20.0,0.2328409948356429
48.0,20.0,0.2342935635008447
49.0,20.0,0.2357135482796617
50.0,20.0,0.2371907761217417
50.0,20.0,0.2386149229200836
50.0,20.0,0.2400701963351098
51.0,20.0,0.2415744302022414
51.0,20.0,0.2430177685111496
52.0,20.0,0.2444980008833437
52.0,20.0,0.2459485582459111
53.0,20.0,0.2474484071439608
53.0,20.0,0.2488847715689759
53.0,20.0,0.2504351308296611
54.0,20.0,0.2519225478266484
54.0,20.0,0.2534333629300481
55.0,20.0,0.2548936503657769
55.0,20.0,0.2563675457201449
56.0,20.0,0.2578255858569542
56.0,20.0,0.2593620681328832
56.0,20.0,0.2607508655235375
57.0,20.0,0.2621506321320675
57.0,20.0,0.2635711769235689
58.0,20.0,0.2650759965117813
58.0,20.0,0.266556471177119
58.0,20.0,0.2680405788126259
59.0,20.0,0.2695090437608691
59.0,20.0,0.2709594584021972
61.0,20.0,0.2724135519037485
61.0,20.0,0.2738309687195313
61.0,20.0,0.2752600777140723
61.0,20.0,0.2767397029377466
62.0,20.0,0.2781976640467183
62.0,20.0,0.2796132255090389
63.0,20.0,0.2810458006523036
63.0,20.0,0.2824900116876609
64.0,20.0,0.2839750313483553
64.0,20.0,0.2854296167070269
65.0,20.0,0.2868980059797169
65.0,20.0,0.288351079231659
65.0,20.0,0.2898181139776327
66.0,20.0,0.2912061579197377
66.0,20.0,0.2926793783550814
67.0,20.0,0.294150298104113
67.0,20.0,0.2956265468073676
68.0,20.0,0.2970969741783159
68.0,20.0,0.2985923637681139
68.0,20.0,0.3001045839090003
69.0,20.0,0.3016143128722835
70.0,20.0,0.3030887078529171
70.0,20.0,0.3045170436702628
70.0,20.0,0.3060054264422393
71.0,20.0,0.3074120790957534
72.0,20.0,0.3088144228634489
72.0,20.0,0.3102771150648577
72.0,20.0,0.3116861036489704
73.0,20.0,0.3131150245078798
73.0,20.0,0.3145457215338599
74.0,20.0,0.3159960257989619
74.0,20.0,0.3174642626559688
75.0,20.0,0.3189098547418595
75.0,20.0,0.3203025486647116
75.0,20.0,0.3217164166798419
76.0,20.0,0.3231731676821295
76.0,20.0,0.3245598849803694
77.0,20.0,0.3260268790232694
78.0,20.0,0.3273147587940455
78.0,20.0,0.3287582679108996
78.0,20.0,0.330090610161007
78.0,20.0,0.3314561985322043
79.0,20.0,0.3327290138168086
79.0,20.0,0.3340670477473618
80.0,20.0,0.3353835402160472
81.0,20.0,0.3367231475004703
81.0,20.0,0.3380068580261899
81.0,20.0,0.3392831144079877
81.0,20.0,0.340520487825279
82.0,20.0,0.3417269479716015
83.0,20.0,0.3429601111236547
83.0,20.0,0.344177123309661
84.0,20.0,0.3453869754240916
84.0,20.0,0.3465954916985257
84.0,20.0,0.3477826825522256
85.0,20.0,0.3489837031189427
85.0,20.0,0.3501586649074316
86.0,20.0,0.3513245472603726
86.0,20.0,0.3525665003963438
86.0,20.0,0.3537157184080766
87.0,20.0,0.3548827709347476
87.0,20.0,0.3559916143287088
88.0,20.0,0.3571874355477624
89.0,20.0,0.3583021347481971
89.0,20.0,0.3594540414051993
89.0,20.0,0.3605729180048957
89.0,20.0,0.361601546490252
90.0,20.0,0.3626757900065263
90.0,20.0,0.3636774948243023
91.0,20.0,0.3647205730367193
92.0,20.0,0.3656747607193394
92.0,20.0,0.3666015046093481
92.0,20.0,0.367539423656212
94.0,20.0,0.3684240833767039
94.0,20.0,0.3693213385580216
94.0,20.0,0.3701708193390132
94.0,20.0,0.3710211297197691
95.0,20.0,0.3718960899453687
95.0,20.0,0.3726929176198347
95.0,20.0,0.3735383449681324
96.0,20.0,0.3743390784615297
97.0,20.0,0.3751040063421157
97.0,20.0,0.3758218410835593
97.0,20.0,0.3765190585743292
98.0,20.0,0.3772352548188647
98.0,20.0,0.3779256061745011
99.0,20.0,0.3786330611791444
100.0,20.0,0.379284155518767
100.0,20.0,0.3798745116536737
100.0,20.0,0.3804986663570645
101.0,20.0,0.3810846155744871
101.0,20.0,0.3816326658587518
101.0,20.0,0.382161133343859
102.0,20.0,0.3827147308205855
103.0,20.0,0.3832446837980028
103.0,20.0,0.3837861334344611
103.0,20.0,0.3843100927313873
104.0,20.0,0.3848491969240077
104.0,20.0,0.3853206677387487
105.0,20.0,0.385758842782351
105.0,20.0,0.3861668821716915
106.0,20.0,0.3866295566150537
106.0,20.0,0.3869892057803802
106.0,20.0,0.3873676980678612
107.0,20.0,0.3877771414527622
108.0,20.0,0.3881287695304083
108.0,20.0,0.3884746780447574
108.0,20.0,0.3888258863393961
109.0,20.0,0.389142130988199
109.0,20.0,0.3893516726086207
109.0,20.0,0.3896848586830503
109.0,20.0,0.3899216196289382
109.0,20.0,0.3902090885636818
109.0,20.0,0.390379218034338
109.0,20.0,0.3905768962376948
109.0,20.0,0.390819529728827
109.0,20.0,0.39096537040472
109.0,20.0,0.3911847546263332
109.0,20.0,0.3914078013318077
109.0,20.0,0.3916332366757566
109.0,20.0,0.3917616702756117
109.0,20.0,0.3919813212076826
110.0,20.0,0.392140760628734
110.0,20.0,0.3923019292395746
111.0,20.0,0.3925041012933017
111.0,20.0,0.3926347940836254
111.0,20.0,0.3928277526104323
112.0,20.0,0.3929920405444738
112.0,20.0,0.3930458009240973
113.0,20.0,0.3932106320414499
113.0,20.0,0.3933446841830613
114.0,20.0,0.3935016046795618
114.0,20.0,0.3936450066139204
114.0,20.0,0.3938201947042508
115.0,20.0,0.3940119476091864
115.0,20.0,0.3942083088404713
116.0,20.0,0.3943593382862119
117.0,20.0,0.3944971735486188
117.0,20.0,0.3946525475095238
117.0,20.0,0.3948554592855549
117.0,20.0,0.3950949965344167
119.0,20.0,0.3953441940473841
119.0,20.0,0.3955611386893919
119.0,20.0,0.3957371050079948
120.0,20.0,0.3959810069989798
120.0,20.0,0.3962523589661817
120.0,20.0,0.3964084580397734
121.0,20.0,0.396585364424969
121.0,20.0,0.3967474273935526
122.0,20.0,0.3968690094678918
122.0,20.0,0.397063761127046
122.0,20.0,0.3972123928287832
123.0,20.0,0.3973563445604193
123.0,20.0,0.3975737686470351
124.0,20.0,0.3977512428140604
125.0,20.0,0.3978645448367561
125.0,20.0,0.3979786525175643
125.0,20.0,0.3980704793992604
125.0,20.0,0.39816778316605
126.0,20.0,0.398279761648009
126.0,20.0,0.3984255345760482
127.0,20.0,0.3985792319417868
128.0,20.0,0.3987672292010678
128.0,20.0,0.398885300618314
128.0,20.0,0.3990422884323075
129.0,20.0,0.3992165786087553
130.0,20.0,0.3993619270651191
130.0,20.0,0.3995499372805259
130.0,20.0,0.3997041070918467
131.0,20.0,0.3998967414663511
131.0,20.0,0.4000835620285383
131.0,20.0,0.4002964293415012
132.0,20.0,0.4003725468979577
133.0,20.0,0.4005085668078084
133.0,20.0,0.4005906117465386
133.0,20.0,0.4006585410767613
134.0,20.0,0.4007324745067371
134.0,20.0,0.4007807911163997
135.0,20.0,0.4008870804094754
136.0,20.0,0.4009722211827659
136.0,20.0,0.4010970569661359
136.0,20.0,0.4011581420416755
137.0,20.0,0.4012735924256027
136.0,20.0,0.4013420494461467
137.0,20.0,0.4014311285192853
138.0,20.0,0.4014962631995726
139.0,20.0,0.401574098122221
139.0,20.0,0.4016915316314736
139.0,20.0,0.4017844941674314
140.0,20.0,0.4018893984687746
141.0,20.0,0.401957080115018
141.0,20.0,0.4019755353008659
141.0,20.0,0.4019444882329821
142.0,20.0,0.4019984136673067
142.0,20.0,0.4020890682008183
142.0,20.0,0.4021082187138536
143.0,20.0,0.4020665435683239
144.0,20.0,0.4021772314434738
144.0,20.0,0.4022389382545002
144.0,20.0,0.4023037399034616
145.0,20.0,0.4023873625223204
145.0,20.0,0.4023224895467152
145.0,20.0,0.4024180597295053
146.0,20.0,0.4024224368388395
147.0,20.0,0.402401044055311
147.0,20.0,0.4024269043918985
147.0,20.0,0.4024361003419766
148.0,20.0,0.4025128889442099
148.0,20.0,0.4025418482184856
148.0,20.0,0.402655273165823
149.0,20.0,0.4027050052095839
150.0,20.0,0.4028193452399357
150.0,20.0,0.4028626366395145
150.0,20.0,0.40288631717588
150.0,20.0,0.4029483105166125
152.0,20.0,0.4030489077668333
152.0,20.0,0.4031974030894906
153.0,20.0,0.4032653477088478
153.0,20.0,0.4033537994065079
153.0,20.0,0.4035084518335165
153.0,20.0,0.4035181966068976
155.0,20.0,0.4036187339916627
155.0,20.0,0.4036481156764122
155.0,20.0,0.4037317727467875
156.0,20.0,0.4037922869600199
156.0,20.0,0.4038650431945892
156.0,20.0,0.4039520429680834
157.0,20.0,0.4040438752406152
158.0,20.0,0.4041834833404589
158.0,20.0,0.4042468750141094
158.0,20.0,0.4044218609707561
159.0,20.0,0.4044388659538815
159.0,20.0,0.4045660717569575
160.0,20.0,0.4046198097125171
160.0,20.0,0.4047004314480036
161.0,20.0,0.4047528727264019
161.0,20.0,0.4048044051733428
161.0,20.0,0.4048591529592497
162.0,20.0,0.4048717633694515
162.0,20.0,0.4048819460236452
163.0,20.0,0.4049698920473377
163.0,20.0,0.4049813672562892
164.0,20.0,0.4050567386803306
164.0,20.0,0.405165583908988
164.0,20.0,0.4052093275045395
165.0,20.0,0.4052408114339602
166.0,20.0,0.4052856123581035
166.0,20.0,0.4053856048381144
166.0,20.0,0.4054324161815196
167.0,20.0,0.4055216819859546
167.0,20.0,0.405514286099298
167.0,20.0,0.4054828727037511
168.0,20.0,0.4055933616615984
169.0,20.0,0.4055410838523615
169.0,20.0,0.4055802200728874
169.0,20.0,0.4055829064304494
170.0,20.0,0.4056126976374982
170.0,20.0,0.4056938639832819
171.0,20.0,0.4056734856055156
172.0,20.0,0.405729468844094
172.0,20.0,0.4057284772474553
172.0,20.0,0.4057199269065643
172.0,20.0,0.4056936773199372
173.0,20.0,0.4056287032321888
173.0,20.0,0.4056305216199214
174.0,20.0,0.4056093202110559
175.0,20.0,0.4056897110692861
175.0,20.0,0.4056402755667831
175.0,20.0,0.405709381050486
176.0,20.0,0.4057231606151421
177.0,20.0,0.4057155162517364
177.0,20.0,0.4056907679448664
177.0,20.0,0.4056071966748489
178.0,20.0,0.4055725463769939
178.0,20.0,0.4055730675213008
178.0,20.0,0.4056095815080275
179.0,20.0,0.4055886867878753
180.0,20.0,0.4055655117669236
180.0,20.0,0.4055634672585542
180.0,20.0,0.405584692858228
181.0,20.0,0.4055863597363
181.0,20.0,0.4055469913247845
182.0,20.0,0.4055486138077399
182.0,20.0,0.4055085922670482
183.0,20.0,0.4054831619968269
183.0,20.0,0.4054664972252579
183.0,20.0,0.4054833403474124
184.0,20.0,0.4055214408706405
184.0,20.0,0.4055345696617796
185.0,20.0,0.4055319675416863
185.0,20.0,0.4056048402454848
186.0,20.0,0.4055592659176406
186.0,20.0,0.4056136099118419
186.0,20.0,0.4056037509569392
187.0,20.0,0.4055601072957012
188.0,20.0,0.4055258049558973
188.0,20.0,0.4054973547984759
188.0,20.0,0.4055445493442187
189.0,20.0,0.4055821007949876
189.0,20.0,0.4055799506896624
189.0,20.0,0.405526570114791
191.0,20.0,0.4055814908377972
191.0,20.0,0.4055970482683166
191.0,20.0,0.4055545522661421
192.0,20.0,0.4055825631384156
192.0,20.0,0.4055874321501712
192.0,20.0,0.4056427756913612
193.0,20.0,0.4056107900518224
194.0,20.0,0.4055389255248795
194.0,20.0,0.4055138360324789
194.0,20.0,0.4054665660376885
195.0,20.0,0.405383932818363
195.0,20.0,0.4053661025390814
196.0,20.0,0.4053640519377089
196.0,20.0,0.4053459153547739
197.0,20.0,0.4053512333461213
197.0,20.0,0.4053398433486129
197.0,20.0,0.405253101519806
198.0,20.0,0.4052528538584772
199.0,20.0,0.4051453079344472
199.0,20.0,0.405049080885137
199.0,20.0,0.4049376167523141
200.0,20.0,0.4049078629866569
200.0,20.0,0.4048243429069268
200.0,20.0,0.4047743560216067
200.0,20.0,0.4047556311354258
200.0,20.0,0.404666897981787
200.0,20.0,0.4046236623252602
200.0,20.0,0.4045890378264041
200.0,20.0,0.4045843021585519
200.0,20.0,0.40453880466144
200.0,20.0,0.4044535357312264
200.0,20.0,0.4044388917981815
200.0,20.0,0.4044329284468032
200.0,20.0,0.4043976033658274
200.0,20.0,0.4043365068517501
200.0,20.0,0.4042526954856943
200.0,20.0,0.4042102773561783
200.0,20.0,0.4041256688259738
200.0,20.0,0.404007845455116
200.0,20.0,0.4039606473305833
200.0,20.0,0.403859143627215
200.0,20.0,0.4038137630976448
200.0,20.0,0.403745609073771
200.0,20.0,0.4036883160660018
200.0,20.0,0.4037003548211266
200.0,20.0,0.4037459402930513
200.0,20.0,0.4037929692178287
200.0,20.0,0.4037687657024603
200.0,20.0,0.4037513623864169
200.0,20.0,0.4037733660105079
200.0,20.0,0.4037424191034434
200.0,20.0,0.4037261096740112
200.0,20.0,0.4037369537021885
200.0,20.0,0.4037875376791754
200.0,20.0,0.4038443422953615
200.0,20.0,0.4038583898615579
200.0,20.0,0.4038976875353444
200.0,20.0,0.4039263687738775
200.0,20.0,0.4039173222043064
200.0,20.0,0.4039605795600787
200.0,20.0,0.4039597450451407
200.0,20.0,0.404012605177873
200.0,20.0,0.4040429881310544
200.0,20.0,0.4040277076490501
200.0,20.0,0.4040712665065555
200.0,20.0,0.4040490037599474
200.0,20.0,0.4040051319395211
200.0,20.0,0.4039898065414374
200.0,20.0,0.4039146403542077
200.0,20.0,0.4038508546285968
200.0,20.0,0.4038335208951034
200.0,20.0,0.4038070049830782
200.0,20.0,0.4037482556795832
200.0,20.0,0.4037012744342549
199.0,20.0,0.4037042908332673
198.0,20.0,0.403592570341297
197.0,20.0,0.4035796770254801
195.0,20.0,0.4035118815374735
194.0,20.0,0.4034924006432291
192.0,20.0,0.403369449545809
190.0,20.0,0.4032870764003243
189.0,20.0,0.4032234127839344
188.0,20.0,0.4030780851887455
186.0,20.0,0.4029816311127754
185.0,20.0,0.4028559873835857
183.0,20.0,0.4027716651112805
181.0,20.0,0.4027183170626271
180.0,20.0,0.4025390714625003
178.0,20.0,0.4024743135744394
177.0,20.0,0.4023683222496076
176.0,20.0,0.4022670776914069
175.0,20.0,0.4021838950372132
172.0,20.0,0.4020937878094164
170.0,20.0,0.4020209290583689
170.0,20.0,0.4019519020588898
168.0,20.0,0.4018429095335779
167.0,20.0,0.4017695331264113
166.0,20.0,0.4017154519694201
163.0,20.0,0.4016784434301554
162.0,20.0,0.4016777941289254
161.0,20.0,0.4016827439805642
159.0,20.0,0.4017679436679864
158.0,20.0,0.4017452834265312
156.0,20.0,0.4017795713379222
154.0,20.0,0.4017336536047912
153.0,20.0,0.4017475709528627
152.0,20.0,0.4016834913361102
150.0,20.0,0.4015838361457321
148.0,20.0,0.4015038261794815
147.0,20.0,0.4014052080227849
145.0,20.0,0.4012633128949225
144.0,20.0,0.4011853723300173
142.0,20.0,0.4009635705451524
141.0,20.0,0.4007698551948613
140.0,20.0,0.4005279380279947
139.0,20.0,0.4002175461731395
134.0,20.0,0.3999116154838827
132.0,20.0,0.3995897030283346
130.0,20.0,0.3991795413938695
127.0,20.0,0.398780020340165
124.0,20.0,0.3983228680377346
122.0,20.0,0.3977504759337233
117.0,20.0,0.3971322365625032
114.0,20.0,0.3964609527508654
111.0,20.0,0.3957529170082666
109.0,20.0,0.394833821037803
106.0,20.0,0.3939141500599781
103.0,20.0,0.3927738896010777
101.0,20.0,0.3916072531427207
96.0,20.0,0.3902063736664021
93.0,20.0,0.388778375999411
90.0,20.0,0.3871152425422548
88.0,20.0,0.3853314268725908
85.0,20.0,0.3833067182268688
83.0,20.0,0.3811013975174531
77.0,20.0,0.3786952776506387
75.0,20.0,0.3760678112754096
73.0,20.0,0.3732164475299118
70.0,20.0,0.3702152991233798
67.0,20.0,0.3668757696663142
65.0,20.0,0.3633496215995409
60.0,20.0,0.359523458288934
57.0,20.0,0.3554392150444669
54.0,20.0,0.3510939658429
52.0,20.0,0.3465210530928948
50.0,20.0,0.341766303019281
46.0,20.0,0.3367033167681774
42.0,20.0,0.3313818820584451
37.0,20.0,0.3258993716052079
34.0,20.0,0.3202268937234898
31.0,20.0,0.314294190287399
29.0,20.0,0.308116192008843
26.0,20.0,0.3018036605811784
21.0,20.0,0.2953463172438442
18.0,20.0,0.2888084727626563
16.0,20.0,0.2821633604837832
13.0,20.0,0.2754349852997481
10.0,20.0,0.2687145336247393
8.0,20.0,0.2619445560941052
6.0,20.0,0.255119569933604
0.0,20.0,0.2484591236947319
0.0,20.0,0.2418156851570535
0.0,20.0,0.2352041345443563
0.0,20.0,0.2287617897347351
0.0,20.0,0.2223833443565846
0.0,20.0,0.2161844326258553
0.0,20.0,0.2101503036761629
0.0,20.0,0.2043584790142233
0.0,20.0,0.1987067271965158
0.0,20.0,0.1933510737955333
0.0,20.0,0.188134398332896
0.0,20.0,0.1831260485174988
0.0,20.0,0.1784046632766106
0.0,20.0,0.1738965415071486
0.0,20.0,0.1696005041110586
0.0,20.0,0.1655658423520158
0.0,20.0,0.1618435277809048
0.0,20.0,0.158301182563573
0.0,20.0,0.1549951912840427
0.0,20.0,0.1518793859656892
0.0,20.0,0.1490675242927185
0.0,20.0,0.146402525968861
0.0,20.0,0.1439530566037568
0.0,20.0,0.1416584694783408
0.0,20.0,0.1395854795125434
0.0,20.0,0.1376418887403857
0.0,20.0,0.1359106172959591
0.0,20.0,0.1343121292667854
0.0,20.0,0.1327367853405358
0.0,20.0,0.1312766734920229
0.0,20.0,0.1299578970078445
0.0,20.0,0.1287027160524437
0.0,20.0,0.1275885438628132
0.0,20.0,0.1265269569186017
0.0,20.0,0.1255376204217389
0.0,20.0,0.1246077364153063
0.0,20.0,0.1237009445287404
0.0,20.0,0.1228581906951316
0.0,20.0,0.1221075090941894
0.0,20.0,0.1213637725656158
0.0,20.0,0.1206363426125026
0.0,20.0,0.1199393821150962
0.0,20.0,0.1192561020408024
0.0,20.0,0.1186199787990529
0.0,20.0,0.1180986158010236
0.0,20.0,0.1174940980316517
0.0,20.0,0.1169525165462275
0.0,20.0,0.1164054160456499
0.0,20.0,0.1158729360800788
0.0,20.0,0.1153936770934654
0.0,20.0,0.114983780017654
0.0,20.0,0.1145567372080774
0.0,20.0,0.1140913127137514
0.0,20.0,0.1137057730412787
0.0,20.0,0.1132529432150086
0.0,20.0,0.1129063829758186
0.0,20.0,0.112611565811217
0.0,20.0,0.1123009717094253
0.0,20.0,0.1119911675009495
0.0,20.0,0.1117305052209432
0.0,20.0,0.1114643750934205
0.0,20.0,0.1112927368230181
0.0,20.0,0.1112467845930695
0.0,20.0,0.1112261160615059
0.0,20.0,0.1112780659810964
0.0,20.0,0.111471246324932
0.0,20.0,0.1116845932863581
0.0,20.0,0.1119985365240305
0.0,20.0,0.1123783928741176
0.0,20.0,0.1129408613558499
0.0,21.0,0.1136064325805661
0.0,21.0,0.1143323252395164
0.0,21.0,0.1151799927518042
0.0,21.0,0.1160689263403339
0.0,22.0,0.1171612208883416
0.0,23.0,0.1183148010826834
0.0,24.0,0.1195700896282901
0.0,25.0,0.1208976456091729
0.0,25.0,0.1223714936465009
0.0,26.0,0.124028359305972
0.0,26.0,0.1257421783732214
0.0,27.0,0.1275132626786414
0.0,28.0,0.1294255675779595
0.0,29.0,0.1314247986817215
0.0,30.0,0.1335868499626109
0.0,31.0,0.1358634345058619
0.0,31.0,0.1382190046207
0.0,32.0,0.1406211667987786
0.0,33.0,0.1431351909895866
0.0,34.0,0.1456450231488651
0.0,34.0,0.1482175617794114
0.0,35.0,0.1508749955378201
0.0,36.0,0.1535065708169881
0.0,36.0,0.1562280536138801
0.0,42.0,0.15883549815396
0.0,42.0,0.1614335485741277
0.0,43.0,0.1639801132981303
0.0,43.0,0.1664937068789585
0.0,44.0,0.1689102620217701
0.0,45.0,0.1713017937665432
0.0,46.0,0.1735648009014724
0.0,47.0,0.1757508797934062
0.0,48.0,0.1777575804887785
0.0,48.0,0.1797555572719444
0.0,49.0,0.1816167256109778
0.0,50.0,0.1834595624362738
0.0,50.0,0.1851485490044858
0.0,50.0,0.1867458256132423
0.0,50.0,0.1882641498108458
0.0,50.0,0.1896867997009903
0.0,50.0,0.1910222304015723
0.0,50.0,0.1922899607465403
0.0,50.0,0.1934565119255023
0.0,50.0,0.1944856269903961
0.0,50.0,0.1954112019977574
0.0,50.0,0.1962893893632695
0.0,50.0,0.1970337862465511
0.0,50.0,0.1976685335114947
0.0,50.0,0.198243880880631
0.0,50.0,0.1987459575528092
0.0,50.0,0.1990771437631424
0.0,50.0,0.1993444338036869
0.0,50.0,0.1995563835647233
0.0,50.0,0.19968436394933
0.0,50.0,0.1998660478379798
0.0,50.0,0.1999044484133042
0.0,50.0,0.2000101735939425
0.0,50.0,0.2000573159074717
0.0,50.0,0.2001156216901622
0.0,50.0,0.2001261209087175
0.0,50.0,0.2001311290629225
0.0,50.0,0.2001216799021261
0.0,50.0,0.2002031045776567
0.0,50.0,0.2002971249178683
0.0,50.0,0.200379099300074
0.0,50.0,0.2004416884413909
0.0,50.0,0.2004403758408789
0.0,50.0,0.2004663088404939
0.0,50.0,0.200473783754988
0.0,50.0,0.2004798128156689
0.0,50.0,0.2005581162200495
0.0,50.0,0.2005530011098545
0.0,50.0,0.200462570952886
0.0,50.0,0.200411001608167
0.0,50.0,0.2003687135155715
0.0,50.0,0.2003951759949029
0.0,50.0,0.20037119814716
0.0,50.0,0.2003514100658897
0.0,50.0,0.2003529028290327
0.0,50.0,0.2004682798930659
0.0,50.0,0.2005748628734278
0.0,50.0,0.2007217243198931
0.0,50.0,0.2008855751885425
0.0,50.0,0.2011975590839874
0.0,50.0,0.2015016129017409
0.0,50.0,0.201885986862646
0.0,50.0,0.2023115305669201
0.0,50.0,0.2028442205712236
1.0,50.0,0.2033973332804582
2.0,50.0,0.2040638033250797
3.0,50.0,0.2046836558019195
3.0,50.0,0.2054005695712007
4.0,50.0,0.2061946616231157
4.0,50.0,0.207003187999704
5.0,50.0,0.2079450761738415
6.0,50.0,0.208984086615754
7.0,50.0,0.210001480260004
7.0,50.0,0.2111311060272919
8.0,50.0,0.2124158915037465
9.0,50.0,0.2136789912342045
9.0,50.0,0.2149939483340255
11.0,50.0,0.2164717098008762
12.0,50.0,0.2180334033386685
12.0,50.0,0.2196112768578873
13.0,50.0,0.2213124985616629
14.0,50.0,0.2229988404267107
14.0,50.0,0.2247517393825192
15.0,50.0,0.2265722597567064
15.0,50.0,0.2284658373009314
16.0,50.0,0.2304137486919026
17.0,50.0,0.2323146806722417
18.0,50.0,0.2342717276268724
18.0,50.0,0.2362929973272052
19.0,50.0,0.2383224807130121
20.0,50.0,0.2403251806835661
21.0,50.0,0.2423813845386928
21.0,50.0,0.2444282456453994
23.0,50.0,0.2465735292758325
23.0,50.0,0.2486654449024602
24.0,50.0,0.2507984029989061
25.0,50.0,0.2529286793358558
26.0,50.0,0.2549821007950052
26.0,50.0,0.2571582590318846
27.0,50.0,0.2593276312260451
28.0,50.0,0.2615460426736427
28.0,50.0,0.2637249923214261
29.0,50.0,0.2658596433214485
30.0,50.0,0.2680170654827656
31.0,50.0,0.2703085906588735
31.0,50.0,0.27258082273661
32.0,50.0,0.2747834202586374
32.0,50.0,0.2770279940881689
34.0,50.0,0.2793092660082574
35.0,50.0,0.2816167772995662
36.0,50.0,0.2839178720695494
36.0,50.0,0.2862266914086054
37.0,50.0,0.288488760107783
37.0,50.0,0.2907852758839045
38.0,50.0,0.2930588865206118
42.0,50.0,0.295335584792373
42.0,50.0,0.297590729053851
43.0,50.0,0.2999125852680345
43.0,50.0,0.3023181617929838
44.0,50.0,0.3046388019660339
45.0,50.0,0.3070399408366762
46.0,50.0,0.3094101677274322
46.0,50.0,0.3117912019750933
48.0,50.0,0.3141842325533621
48.0,50.0,0.3165942665971679
49.0,50.0,0.3189547850687072
50.0,50.0,0.321351623162435
51.0,50.0,0.3237938799972441
51.0,50.0,0.3261599042107028
52.0,50.0,0.3285404883009424
53.0,50.0,0.3309954026591382
53.0,50.0,0.333333474869154
54.0,50.0,0.3357263166549247
55.0,50.0,0.338213308885779
56.0,50.0,0.3406272924414651
56.0,50.0,0.3430206383383142
57.0,50.0,0.3454148052277112
57.0,50.0,0.3478880625834833
58.0,50.0,0.350355394550232
60.0,50.0,0.3528354560918295
61.0,50.0,0.3552794888445529
61.0,50.0,0.3577481040566752
62.0,50.0,0.3601903300640591
62.0,50.0,0.3625942084531503
63.0,50.0,0.3649995393779727
64.0,50.0,0.3673747622822285
65.0,50.0,0.369731634759521
65.0,50.0,0.3721541074316085
66.0,50.0,0.3745844751862572
67.0,50.0,0.3769785953701796
67.0,50.0,0.3793656832770402
68.0,50.0,0.3817667717501649
69.0,50.0,0.3842145350517117
70.0,50.0,0.3866943253300869
71.0,50.0,0.3892011421322792
72.0,50.0,0.3915619818794985
72.0,50.0,0.3940113340505554
73.0,50.0,0.3964668329520024
74.0,50.0,0.3989414519014688
75.0,50.0,0.4013288453418634
75.0,50.0,0.4037099370766703
76.0,50.0,0.4060989474279805
76.0,50.0,0.4085070206346212
78.0,50.0,0.4109473530317308
78.0,50.0,0.413341270107995
79.0,50.0,0.4157524924006854
79.0,50.0,0.4181855801489919
80.0,50.0,0.4205771670479022
81.0,50.0,0.422966292939768
83.0,50.0,0.4253328354662123
83.0,50.0,0.4276444642233752
84.0,50.0,0.4299589675869845
84.0,50.0,0.4322067820788188
85.0,50.0,0.4344872494506729
86.0,50.0,0.4367691476816632
87.0,50.0,0.4389813718317003
87.0,50.0,0.4411471137511094
88.0,50.0,0.4433110023782581
89.0,50.0,0.4454183080250449
89.0,50.0,0.4475471139323131
90.0,50.0,0.4496875505673443
91.0,50.0,0.4517375933542701
92.0,50.0,0.453854790618081
92.0,50.0,0.4558755360936295
94.0,50.0,0.4578081577158631
94.0,50.0,0.4597073049672163
95.0,50.0,0.4616289440983402
95.0,50.0,0.4634420081994521
97.0,50.0,0.4652301351785454
97.0,50.0,0.4669557939930144
98.0,50.0,0.4685841499920177
98.0,50.0,0.4702164764093768
99.0,50.0,0.4717418526806398
100.0,50.0,0.4732611768102915
101.0,50.0,0.4747474854016524
101.0,50.0,0.4761577328817764
102.0,50.0,0.4775852960428897
103.0,50.0,0.4789612152936087
103.0,50.0,0.4802253504042566
104.0,50.0,0.4815052183287848
106.0,50.0,0.482743612539299
106.0,50.0,0.4840167802214661
106.0,50.0,0.4851816083262927
108.0,50.0,0.4862576470587669
108.0,50.0,0.4872609676775802
109.0,50.0,0.4882451690864455
110.0,50.0,0.4891960145189581
111.0,50.0,0.4901308923417852
111.0,50.0,0.4910115138281154
111.0,50.0,0.4917490184148556
112.0,50.0,0.4925507381593572
113.0,50.0,0.4933450161044974
114.0,50.0,0.4940277613535404
115.0,50.0,0.4947448055674522
116.0,50.0,0.4953387900971131
117.0,50.0,0.4959731795283572
117.0,50.0,0.4965475418242189
118.0,50.0,0.49702457049984
119.0,50.0,0.4975387756687
120.0,50.0,0.4980070661622559
120.0,50.0,0.498353633604327
121.0,50.0,0.4988084873042974
122.0,50.0,0.4991651177149523
122.0,50.0,0.4995770623116589
123.0,50.0,0.4998772459171764
124.0,50.0,0.5001944673038443
125.0,50.0,0.500513013612934
125.0,50.0,0.5008009623320441
126.0,50.0,0.5010917313641853
126.0,50.0,0.501405393621541
128.0,50.0,0.5017327536976469
129.0,50.0,0.5019976831864236
130.0,50.0,0.5022228236879072
130.0,50.0,0.5024282606400464
131.0,50.0,0.5026804638156563
131.0,50.0,0.5028808494642553
131.0,50.0,0.5030925919046277
133.0,50.0,0.5032683937800948
134.0,50.0,0.5035613970644274
134.0,50.0,0.5037784332826881
134.0,50.0,0.5039467940836123
136.0,50.0,0.5041960964687174
136.0,50.0,0.5043654682778184
137.0,50.0,0.5046337218735962
139.0,50.0,0.5048402170830008
139.0,50.0,0.5050758993408095
140.0,50.0,0.5052764186730707
141.0,50.0,0.5054437586354706
141.0,50.0,0.5056652562684861
142.0,50.0,0.505868280119536
143.0,50.0,0.5060964497270015
144.0,50.0,0.5063225655620148
144.0,50.0,0.50649112879108
145.0,50.0,0.5067005915422182
145.0,50.0,0.5069217019637452
146.0,50.0,0.5071228350811431
147.0,50.0,0.5073082186458897
148.0,50.0,0.507487367165675
149.0,50.0,0.5075999556274748
150.0,50.0,0.5077555701374297
150.0,50.0,0.5079637343314092
150.0,50.0,0.5081525404425329
152.0,50.0,0.5082703076399777
153.0,50.0,0.5084891171033858
153.0,50.0,0.5085669045504401
154.0,50.0,0.5086707850233839
155.0,50.0,0.508760908922
155.0,50.0,0.5088479631474638
156.0,50.0,0.5090128047973314
157.0,50.0,0.5091144444267679
158.0,50.0,0.509191562481537
158.0,50.0,0.5093009945411533
159.0,50.0,0.5094005588574457
160.0,50.0,0.5095638113206952
161.0,50.0,0.5096161770820942
162.0,50.0,0.5096879464086927
162.0,50.0,0.5097609774626237
163.0,50.0,0.5098036085980968
164.0,50.0,0.5099885517225162
164.0,50.0,0.5100975334661573
165.0,50.0,0.5102205219143665
166.0,50.0,0.5102635638858722
167.0,50.0,0.5103334977688593
167.0,50.0,0.5103502836756749
168.0,50.0,0.5104225708395971
169.0,50.0,0.5105133547984636
169.0,50.0,0.5105831221091615
171.0,50.0,0.5106698074021465
172.0,50.0,0.5107659757638309
172.0,50.0,0.5107205078483628
173.0,50.0,0.5107571624271755
173.0,50.0,0.5108076708871632
174.0,50.0,0.5108411895399074
175.0,50.0,0.5108815766154923
176.0,50.0,0.5108011677500592
177.0,50.0,0.5107714617318029
177.0,50.0,0.5106701002060606
178.0,50.0,0.5106450296268855
178.0,50.0,0.5106557661328086
180.0,50.0,0.5106795406916889
180.0,50.0,0.5106656717705355
181.0,50.0,0.5106934775872016
181.0,50.0,0.5106975615075623
182.0,50.0,0.5107264464879696
183.0,50.0,0.5107158056354021
184.0,50.0,0.51065134193294
185.0,50.0,0.5106562999387839
186.0,50.0,0.5105889780288879
186.0,50.0,0.5105294647443288
187.0,50.0,0.5105088255452529
188.0,50.0,0.5104348370743929
188.0,50.0,0.5104090892884859
189.0,50.0,0.5103295607147924
190.0,50.0,0.510296112663874
191.0,50.0,0.5102094533963933
191.0,50.0,0.5101978876078138
192.0,50.0,0.5102050960610064
192.0,50.0,0.5101743854220339
194.0,50.0,0.5101610072707733
195.0,50.0,0.5101106454052724
195.0,50.0,0.5100605002830726
196.0,50.0,0.510033635008661
197.0,50.0,0.5099903788080675
197.0,50.0,0.5098551701510198
199.0,50.0,0.5097233261907942
199.0,50.0,0.5096717802667642
200.0,50.0,0.5096672355432145
200.0,50.0,0.509625823166943
200.0,50.0,0.5096102607532985
200.0,50.0,0.5095197416248923
200.0,50.0,0.5094876956215855
200.0,50.0,0.5094275588574458
200.0,50.0,0.5094604476204981
200.0,50.0,0.5093994772247928
200.0,50.0,0.5094399733175695
200.0,50.0,0.5094088964641865
200.0,50.0,0.5092796632086203
200.0,50.0,0.5091970257309877
200.0,50.0,0.5090540580080495
200.0,50.0,0.5088811221771135
200.0,50.0,0.5088153163830976
200.0,50.0,0.5086944004393616
200.0,50.0,0.5085413243560982
200.0,50.0,0.5083840729121244
200.0,50.0,0.5081567338783978
200.0,50.0,0.5079892554530654
200.0,50.0,0.5077940028086113
200.0,50.0,0.5077043067566056
200.0,50.0,0.5075847474687396
200.0,50.0,0.5074180138167883
197.0,50.0,0.5072817054745835
195.0,50.0,0.5071712376723683
192.0,50.0,0.5070403263040474
189.0,50.0,0.5068831234908466
184.0,50.0,0.5067397910710864
182.0,50.0,0.5065514911322428
179.0,50.0,0.506400852771238
177.0,50.0,0.5062714976556071
174.0,50.0,0.5060746716799337
172.0,50.0,0.5059327638904028
166.0,50.0,0.5057799792293686
164.0,50.0,0.5057017651588347
161.0,50.0,0.5055434148224738
159.0,50.0,0.5054026279416838
156.0,50.0,0.505279912047779
153.0,50.0,0.505052720356008
148.0,50.0,0.5047701316224014
146.0,50.0,0.5044956987473647
143.0,50.0,0.5042531135019457
141.0,50.0,0.5039345459013206
138.0,50.0,0.5036273611632746
136.0,50.0,0.5033086813970284
130.0,50.0,0.5029277140364994
127.0,50.0,0.5025104252190856
125.0,50.0,0.5021238091462414
122.0,50.0,0.5016879877912844
120.0,50.0,0.5011864867833341
117.0,50.0,0.5005752939590347
115.0,50.0,0.4999378696912143
109.0,50.0,0.4991750741805574
107.0,50.0,0.4983594647669807
104.0,50.0,0.4974139256607722
102.0,50.0,0.4963511962671282
99.0,50.0,0.4950746320640886
97.0,50.0,0.4937505185394336
92.0,50.0,0.4922402612742635
89.0,50.0,0.490528495277299
86.0,50.0,0.4886887313641868
84.0,50.0,0.486657184647387
81.0,50.0,0.4844200985525721
79.0,50.0,0.4820658046161297
73.0,50.0,0.4793727777752051
71.0,50.0,0.476467184398232
68.0,50.0,0.4733268810165024
66.0,50.0,0.4698745413032589
63.0,50.0,0.4662070238962965
61.0,50.0,0.4623190079049949
56.0,50.0,0.4581106900948524
53.0,50.0,0.4536174110624852
50.0,50.0,0.4489284518335112
48.0,50.0,0.4440264705428824
45.0,50.0,0.4388122104010903
42.0,50.0,0.433334157715866
34.0,50.0,0.4276459490814694
32.0,50.0,0.4217713327594697
29.0,50.0,0.4156332289519096
26.0,50.0,0.4094104853790095
25.0,50.0,0.4030174447438882
22.0,50.0,0.3963965950077682
17.0,50.0,0.3897613239031007
14.0,50.0,0.3829879515956879
12.0,50.0,0.3761891382816839
9.0,50.0,0.3693014411424517
6.0,50.0,0.3624260768533406
4.0,50.0,0.3555445836824881
1.0,50.0,0.3486604112890032
0.0,50.0,0.341927515662829
0.0,50.0,0.3353029302362063
0.0,50.0,0.3287436387460261
0.0,50.0,0.3223131730050134
0.0,50.0,0.3161137991800124
0.0,50.0,0.3100082929397812
0.0,50.0,0.3040456058121006
0.0,50.0,0.298283549933146
0.0,50.0,0.2928091480214386
0.0,50.0,0.2875616735599564
0.0,50.0,0.2825334169290027
0.0,50.0,0.2777197633921169
0.0,50.0,0.2732435296382385
0.0,50.0,0.2689658449794698
0.0,50.0,0.2649626025957243
0.0,50.0,0.2612436310901415
0.0,50.0,0.2577140365126882
0.0,50.0,0.254415655099746
0.0,50.0,0.2514678474030828
0.0,50.0,0.248643152846015
0.0,50.0,0.2459923144578298
0.0,50.0,0.2435809848920416
0.0,50.0,0.2414023041291707
0.0,50.0,0.2393295212348811
0.0,50.0,0.2375133317855166
0.0,50.0,0.2356944205530994
0.0,50.0,0.234085823076373
0.0,50.0,0.2325819579831661
0.0,50.0,0.2311726667421415
0.0,50.0,0.2298488781172578
0.0,50.0,0.228676848218506
0.0,50.0,0.2275342916260578
0.0,50.0,0.2265333505854907
0.0,50.0,0.2255739214704486
0.0,50.0,0.2246655852906938
0.0,50.0,0.2238128328161192
0.0,50.0,0.2229948400190004
0.0,50.0,0.2222458102108508
0.0,50.0,0.2214845163197095
0.0,50.0,0.2208153307888935
0.0,50.0,0.2201990026727415
0.0,50.0,0.2195767350789116
0.0,50.0,0.2190076736505667
0.0,50.0,0.218454223561097
0.0,50.0,0.2178703815261699
0.0,50.0,0.2173821197535364
0.0,50.0,0.2168727226210985
0.0,50.0,0.2164001875466915
0.0,50.0,0.2159815200344036
0.0,50.0,0.2155983755917209
0.0,50.0,0.2152499700106206
0.0,50.0,0.2148904806224125
0.0,50.0,0.2145020422432873
0.0,50.0,0.2142193335296133
0.0,50.0,0.2139118177761421
0.0,50.0,0.2136176896418695
0.0,50.0,0.2133495623909692
0.0,50.0,0.2131234113796213
0.0,50.0,0.2129106353711047
0.0,50.0,0.2126737190876102
0.0,50.0,0.2124979430337924
0.0,50.0,0.2122866546014384
0.0,50.0,0.2121345077804459
0.0,50.0,0.2119195676459015
0.0,50.0,0.2117668068585677
0.0,50.0,0.2116491073410248
0.0,50.0,0.2114637887834132
0.0,50.0,0.2112940135223654
0.0,50.0,0.2111631986228207
0.0,50.0,0.2110117262451904
0.0,50.0,0.2108696871729577
0.0,50.0,0.2107493016602621
0.0,50.0,0.210597300459782
0.0,50.0,0.210338793381479
0.0,50.0,0.2101153751840113
0.0,50.0,0.209878690797049
0.0,50.0,0.2096789890597503
0.0,50.0,0.2095027948764167
0.0,50.0,0.2092992008878778
0.0,50.0,0.2091105571813387
0.0,50.0,0.2089587167319514
0.0,50.0,0.2087887623728493
0.0,50.0,0.2086839172574446
0.0,50.0,0.2086468118190428
0.0,50.0,0.208761005141655
0.0,50.0,0.208856873179436
0.0,50.0,0.208972158146253
0.0,50.0,0.2091402135042452
0.0,50.0,0.2094947437993821
0.0,50.0,0.2099204669867702
0.0,50.0,0.2103706801512812
0.0,50.0,0.210941440621507
0.0,50.0,0.2116060180977804
0.0,50.0,0.2123560389816056
0.0,50.0,0.2132038535866928
0.0,51.0,0.2141909214024982
0.0,51.0,0.2153451434913336
0.0,53.0,0.2165752272757907
0.0,53.0,0.2179642203447162
0.0,54.0,0.2193942779904158
0.0,55.0,0.2209259946091386
0.0,56.0,0.2225665268295737
0.0,56.0,0.2242724094090205
0.0,57.0,0.2262101621327512
0.0,57.0,0.2281159054111945
0.0,58.0,0.2301517706403047
0.0,59.0,0.2322303178554169
0.0,60.0,0.2344668312532286
0.0,61.0,0.2367656794038093
0.0,61.0,0.2391814068495043
0.0,62.0,0.2416565991075393
0.0,63.0,0.2441258015356801
0.0,64.0,0.2466510312577573
0.0,64.0,0.2492482797798073
0.0,65.0,0.2519246274434008
0.0,66.0,0.254555213549541
0.0,67.0,0.2572369350834373
0.0,68.0,0.2598855240888505
0.0,68.0,0.2625837054066603
0.0,69.0,0.2653148622392043
0.0,70.0,0.2679567154861632
0.0,70.0,0.2705773042424201
0.0,71.0,0.2731902759745088
0.0,72.0,0.2757477216471173
0.0,73.0,0.2783679511200382
0.0,73.0,0.280999366871244
0.0,74.0,0.2835102471403325
0.0,75.0,0.2860754360234326
0.0,75.0,0.2886046210785865
0.0,76.0,0.2911787771863122
0.0,77.0,0.2937282196425397
0.0,78.0,0.2962708281727439
0.0,79.0,0.2988999847561318
0.0,79.0,0.301475486964562
0.0,80.0,0.304098367097747
0.0,81.0,0.3065972106729127
0.0,82.0,0.3091580985525924
0.0,83.0,0.3117554794898728
0.0,83.0,0.3144040952909098
0.0,84.0,0.3169925387211118
0.0,84.0,0.31959918756933
0.0,86.0,0.3222116114294399
0.0,86.0,0.324860283653046
0.0,87.0,0.327433751500562
0.0,87.0,0.3300347610817526
0.0,88.0,0.332662943690645
0.0,89.0,0.3352421168542497
0.0,90.0,0.3377424381299296
0.0,91.0,0.3402553190105835
0.0,92.0,0.342687432127528
0.0,92.0,0.34515828510268
0.0,93.0,0.3475613020226553
0.0,94.0,0.3498717584089832
0.0,95.0,0.3520909090579217
0.0,95.0,0.3541690293324464
0.0,96.0,0.3563086100704017
0.0,97.0,0.3583550667738375
0.0,97.0,0.3603999299870472
0.0,98.0,0.3622539584135118
0.0,99.0,0.3640801911707654
0.0,100.0,0.3657346885093234
0.0,100.0,0.3673815359124353
0.0,100.0,0.368920344537772
0.0,100.0,0.3703830493328975
0.0,100.0,0.371765702439423
0.0,100.0,0.3729666252915826
0.0,100.0,0.3741951957688299
0.0,100.0,0.3752706440689045
0.0,100.0,0.376324031846657
0.0,100.0,0.3772148715032742
0.0,100.0,0.3779942629277685
0.0,100.0,0.3787351865273969
0.0,100.0,0.3793654510407494
0.0,100.0,0.3798526163672572
0.0,100.0,0.3803427893949589
0.0,100.0,0.3807547323834749
0.0,100.0,0.38110699381635
0.0,100.0,0.3814350657772097
0.0,100.0,0.3816831439896267
0.0,100.0,0.3819468693514696
0.0,100.0,0.3820954781308304
0.0,100.0,0.382178311037578
0.0,100.0,0.3822833975627541
0.0,100.0,0.3823196998119557
0.0,100.0,0.3824104189448919
0.0,100.0,0.3824246809893322
0.0,100.0,0.382509817323111
0.0,100.0,0.382566115812318
0.0,100.0,0.3825628318421261
0.0,100.0,0.3825513367006734
0.0,100.0,0.3825564170875451
0.0,100.0,0.3825950648485363
0.0,100.0,0.3826949020135909
0.0,100.0,0.3827575204647448
0.0,100.0,0.3829175174975203
0.0,100.0,0.3829854233617528
0.0,100.0,0.3830982452150224
0.0,100.0,0.3832896409657755
0.0,100.0,0.3835032679788449
0.0,100.0,0.3837673337334485
0.0,100.0,0.3840595528097583
0.0,100.0,0.3843497864277337
0.0,100.0,0.3846524953452629
0.0,100.0,0.3850110447574806
0.0,100.0,0.3855212627239125
1.0,100.0,0.3860940462524182
2.0,100.0,0.386664325375388
3.0,100.0,0.3872872959749486
3.0,100.0,0.3879482866655644
4.0,100.0,0.3887195121519852
4.0,100.0,0.3895652969715733
5.0,100.0,0.3905443372895873
6.0,100.0,0.3914803685926743
7.0,100.0,0.3925585064893423
7.0,100.0,0.3937562686810114
8.0,100.0,0.3949575436362764
9.0,100.0,0.3962879673378323
10.0,100.0,0.3975916523363598
11.0,100.0,0.3989893379011516
12.0,100.0,0.4004566211012239
12.0,100.0,0.402072921470428
13.0,100.0,0.4037275618020321
14.0,100.0,0.4053872247389048
14.0,100.0,0.4070564470995471
15.0,100.0,0.4088490781217671
16.0,100.0,0.4107094193072976
16.0,100.0,0.4125400522095149
17.0,100.0,0.4144164853337078
18.0,100.0,0.4163830271353338
18.0,100.0,0.4184359624000055
19.0,100.0,0.4204666616004402
20.0,100.0,0.4224722240593857
21.0,100.0,0.4245656019841404
22.0,100.0,0.4267056829599266
23.0,100.0,0.42882138648662
23.0,100.0,0.4308943704047154
24.0,100.0,0.433056642007696
25.0,100.0,0.43518350540211
26.0,100.0,0.4373450493328896
26.0,100.0,0.4395372635619773
27.0,100.0,0.4417381389611932
28.0,100.0,0.4439672091779589
28.0,100.0,0.4462101594599583
29.0,100.0,0.4484126830958275
30.0,100.0,0.4505766919522
31.0,100.0,0.4528264455366524
31.0,100.0,0.4550872684318479
32.0,100.0,0.4573189896939373
33.0,100.0,0.4595802324627428
34.0,100.0,0.4618850976465518
35.0,100.0,0.4641732922149451
36.0,100.0,0.4664160053228294
36.0,100.0,0.4686584310629365
37.0,100.0,0.4709860841694618
37.0,100.0,0.4733112766540026
38.0,100.0,0.4756573221589967
42.0,100.0,0.4779214495684508
42.0,100.0,0.4803230427642194
43.0,100.0,0.4827352453282637
43.0,100.0,0.4851678978458742
44.0,100.0,0.4875840744523656
45.0,100.0,0.4898834047429721
46.0,100.0,0.4922033675960376
47.0,100.0,0.4946461822690762
48.0,100.0,0.4970270145189572
48.0,100.0,0.4993630409521716
49.0,100.0,0.5017218312078964
50.0,100.0,0.5041673857617931
51.0,100.0,0.5066356410337128
51.0,100.0,0.5091317716821984
52.0,100.0,0.5115356775690811
53.0,100.0,0.5138773624090546
53.0,100.0,0.5162411978300152
54.0,100.0,0.5186593867810669
54.0,100.0,0.5211187812180869
56.0,100.0,0.5235758949012957
57.0,100.0,0.5260022201634758
57.0,100.0,0.5284744654917954
58.0,100.0,0.5309995035221017
59.0,100.0,0.5334620524586571
59.0,100.0,0.53586594523086
61.0,100.0,0.5382584542797623
61.0,100.0,0.5407325177919594
62.0,100.0,0.5431319822871912
62.0,100.0,0.5455284230672766
62.0,100.0,0.5479869986635525
64.0,100.0,0.550468593648716
65.0,100.0,0.5529052047837357
65.0,100.0,0.5553266218486747
66.0,100.0,0.5577078115245447
67.0,100.0,0.5601532221340713
68.0,100.0,0.5626252277967133
68.0,100.0,0.5650143702687963
70.0,100.0,0.5674728184329673
70.0,100.0,0.5699195570906944
71.0,100.0,0.5724514259665462
72.0,100.0,0.574847481596345
72.0,100.0,0.5772776698225787
73.0,100.0,0.5798033316269228
74.0,100.0,0.5821622448752407
75.0,100.0,0.5845142864163851
75.0,100.0,0.5869559008357375
76.0,100.0,0.5894170412692691
76.0,100.0,0.5918427864050589
77.0,100.0,0.5942600140432839
79.0,100.0,0.5966795367957808
79.0,100.0,0.5990354324899073
80.0,100.0,0.6014493310380054
81.0,100.0,0.6036710693106726
81.0,100.0,0.6059460228317035
82.0,100.0,0.6081105926067831
83.0,100.0,0.610305989988377
84.0,100.0,0.6125724750276754
84.0,100.0,0.6148149124328259
85.0,100.0,0.6169726802418362
85.0,100.0,0.6191465645653766
86.0,100.0,0.6213508271307798
87.0,100.0,0.623520129697089
88.0,100.0,0.6255750771024661
89.0,100.0,0.62761985261267
90.0,100.0,0.629559530793376
90.0,100.0,0.6315451204103547
91.0,100.0,0.6336183876191247
92.0,100.0,0.6356314901129522
93.0,100.0,0.637518035878428
94.0,100.0,0.6393754634985322
94.0,100.0,0.6411243829078052
95.0,100.0,0.6429072995084076
95.0,100.0,0.6446294121496903
96.0,100.0,0.6462550349497536
97.0,100.0,0.6478787426668023
98.0,100.0,0.6495462113976909
98.0,100.0,0.6510721693129322
99.0,100.0,0.6525337746041051
100.0,100.0,0.6540308747875746
100.0,100.0,0.6555178833721403
102.0,100.0,0.6568418264739092
103.0,100.0,0.6582215402386601
103.0,100.0,0.659453246121013
104.0,100.0,0.6606909577566104
104.0,100.0,0.6619442815918047
105.0,100.0,0.6630651953610859
106.0,100.0,0.6641119132029396
107.0,100.0,0.665241861174581
108.0,100.0,0.6662148483770088
108.0,100.0,0.6671900770798107
109.0,100.0,0.6680295732405391
109.0,100.0,0.668859584339318
110.0,100.0,0.6696550856643763
111.0,100.0,0.670369128202146
112.0,100.0,0.6711153366100375
113.0,100.0,0.6718149371898919
114.0,100.0,0.6723753253300536
114.0,100.0,0.6729594692744238
115.0,100.0,0.6735001419057404
116.0,100.0,0.6740197199029768
116.0,100.0,0.6744787875828792
117.0,100.0,0.6748687391106598
118.0,100.0,0.6752655420280531
119.0,100.0,0.6756720315068635
119.0,100.0,0.6760229712789988
120.0,100.0,0.6763182538222048
121.0,100.0,0.6766063734172125
122.0,100.0,0.6769126767309908
122.0,100.0,0.677248065845127
123.0,100.0,0.6775392877074567
124.0,100.0,0.6777696847719429
125.0,100.0,0.6780365614395911
126.0,100.0,0.6782272439918572
126.0,100.0,0.6784548014223766
127.0,100.0,0.6786738800878049
128.0,100.0,0.678932139685984
128.0,100.0,0.6791522155880427
129.0,100.0,0.67926701945676
130.0,100.0,0.6793549602934722
131.0,100.0,0.6794746799473714
131.0,100.0,0.6795640022876281
131.0,100.0,0.6797443028606877
133.0,100.0,0.679895305465503
133.0,100.0,0.6800609713016489
135.0,100.0,0.6802610091054495
136.0,100.0,0.6804161644883575
136.0,100.0,0.6804976469907925
137.0,100.0,0.6806810389362498
137.0,100.0,0.6808902135041902
138.0,100.0,0.6810292870732404
139.0,100.0,0.68115712682046
140.0,100.0,0.6812692243764635
141.0,100.0,0.6813831909895238
141.0,100.0,0.681541873496489
142.0,100.0,0.6816989120477583
142.0,100.0,0.6818556079412103
144.0,100.0,0.6820468221476476
144.0,100.0,0.6822128814241882
145.0,100.0,0.6822755414164872
146.0,100.0,0.6824117543997933
147.0,100.0,0.682533568733074
147.0,100.0,0.6826665140999001
148.0,100.0,0.6827523354775077
149.0,100.0,0.68288789143574
150.0,100.0,0.6829170704205414
150.0,100.0,0.6830255391287794
151.0,100.0,0.6831621026749525
152.0,100.0,0.6833138039365892
153.0,100.0,0.6833665962308655
153.0,100.0,0.6835180258442202
154.0,100.0,0.683509087431119
155.0,100.0,0.6835385446102171
155.0,100.0,0.6836358468594188
156.0,100.0,0.6836404014586168
156.0,100.0,0.6836359079480051
158.0,100.0,0.6836704058528273
159.0,100.0,0.6837905645427186
159.0,100.0,0.6838548871774326
160.0,100.0,0.6838913403473799
161.0,100.0,0.683942722213334
161.0,100.0,0.6839244423202446
162.0,100.0,0.6839815334661369
163.0,100.0,0.683984503612686
164.0,100.0,0.6840196899589226
164.0,100.0,0.684078673831717
165.0,100.0,0.6840959775305551
166.0,100.0,0.6841482706289265
167.0,100.0,0.6841084183332912
167.0,100.0,0.6840943336881123
169.0,100.0,0.6840651651905247
169.0,100.0,0.6840569406101265
170.0,100.0,0.6841251294252753
170.0,100.0,0.6841694786291077
172.0,100.0,0.68420373994873
172.0,100.0,0.6842602084531126
173.0,100.0,0.6842627754874737
173.0,100.0,0.6842669439171096
174.0,100.0,0.6843495229562724
175.0,100.0,0.6843328742666079
176.0,100.0,0.6842893056014059
177.0,100.0,0.6843672099027491
177.0,100.0,0.6843688839157507
178.0,100.0,0.684388420915456
178.0,100.0,0.6843444774059768
179.0,100.0,0.6843893766788937
181.0,100.0,0.6844371040566373
181.0,100.0,0.6843864943486029
182.0,100.0,0.6844248394979834
183.0,100.0,0.6844216153479461
183.0,100.0,0.684442546988527
184.0,100.0,0.684487085437869
184.0,100.0,0.6844098587283172
186.0,100.0,0.6844502615233975
186.0,100.0,0.6844632622255652
187.0,100.0,0.6845115435003392
188.0,100.0,0.6846063791025044
188.0,100.0,0.6846067209449019
189.0,100.0,0.6846386867425417
190.0,100.0,0.6846426471719964
191.0,100.0,0.6846946458582633
192.0,100.0,0.6846903731907058
192.0,100.0,0.6847108841422562
193.0,100.0,0.6847921099457852
194.0,100.0,0.6848095724704177
195.0,100.0,0.6848378167568114
195.0,100.0,0.6848715752564377
196.0,100.0,0.6849188020565917
197.0,100.0,0.684934803098518
197.0,100.0,0.6849853933044117
198.0,100.0,0.6850199565108263
199.0,100.0,0.6850405276902415
200.0,100.0,0.685128579809202
200.0,100.0,0.6851425374073358
200.0,100.0,0.6852015708848778
200.0,100.0,0.6852824292735162
200.0,100.0,0.6852250851434114
200.0,100.0,0.6851901602300499
200.0,100.0,0.6851025867402764
200.0,100.0,0.685127667353654
200.0,100.0,0.6851892945932291
200.0,100.0,0.6852778317061875
200.0,100.0,0.6853728940405551
200.0,100.0,0.6853410598200745
200.0,100.0,0.685389505130274
200.0,100.0,0.6853376236833557
200.0,100.0,0.6853914913587277
200.0,100.0,0.6854120637159724
200.0,100.0,0.6854559723209238
200.0,100.0,0.6854110418808235
200.0,100.0,0.6853968086705581
200.0,100.0,0.6853539578925111
200.0,100.0,0.6852937642754416
200.0,100.0,0.6852551608642656
200.0,100.0,0.6852611639447432
200.0,100.0,0.6852374605313024
200.0,100.0,0.6852159504631241
200.0,100.0,0.6851518336088354
200.0,100.0,0.6851026244308245
200.0,100.0,0.6849190969443583
200.0,100.0,0.6847856838432688
200.0,100.0,0.6847462430858337
200.0,100.0,0.6845906772066519
200.0,100.0,0.6845609637590085
197.0,100.0,0.6843596023465192
195.0,100.0,0.6842455308160201
192.0,100.0,0.6839967812860196
187.0,100.0,0.6838018461119499
184.0,100.0,0.68365046361178
182.0,100.0,0.6834176914312097
179.0,100.0,0.6831809380279618
177.0,100.0,0.6830345171803773
174.0,100.0,0.6828648473124302
169.0,100.0,0.6826901893813332
166.0,100.0,0.6824199869984934
164.0,100.0,0.6821822069128743
161.0,100.0,0.6818689480848148
159.0,100.0,0.6816630783255904
156.0,100.0,0.6813599050487325
151.0,100.0,0.6809985907041268
148.0,100.0,0.6806765288227705
146.0,100.0,0.6803019229653332
143.0,100.0,0.6799427168904504
141.0,100.0,0.6795324907018618
138.0,100.0,0.6791258973022379
133.0,100.0,0.6786141639220935
130.0,100.0,0.6780358256811367
128.0,100.0,0.677572607035188
125.0,100.0,0.6769859948808923
122.0,100.0,0.6764095709528305
120.0,100.0,0.6757474400098873
115.0,100.0,0.6750008219890944
112.0,100.0,0.6742170612470617
110.0,100.0,0.6733726124033733
107.0,100.0,0.6724949329995364
104.0,100.0,0.6714551455298318
101.0,100.0,0.6703434766358591
97.0,100.0,0.6689925026160627
94.0,100.0,0.6675992722144682
91.0,100.0,0.6660455437947987
89.0,100.0,0.6643357494619714
86.0,100.0,0.6624235546217715
83.0,100.0,0.6603551603659562
79.0,100.0,0.6581102797797597
76.0,100.0,0.6555857311376616
73.0,100.0,0.652886116106744
71.0,100.0,0.6500077294615202
68.0,100.0,0.646808846021352
65.0,100.0,0.6433319796823639
63.0,100.0,0.639613694375789
57.0,100.0,0.6357128307548693
56.0,100.0,0.6315145144396644
53.0,100.0,0.6269950490157596
50.0,100.0,0.6222831150874719
48.0,100.0,0.617307036625899
45.0,100.0,0.6121413909261104
37.0,100.0,0.6066872639470174
35.0,100.0,0.6011256591541576
32.0,100.0,0.5952560605675539
30.0,100.0,0.5892322608438915
27.0,100.0,0.5830724348682188
25.0,100.0,0.5767745266256773
20.0,100.0,0.5702676772746169
17.0,100.0,0.5636742932115585
15.0,100.0,0.5570556804683486
12.0,100.0,0.5503665556184094
9.0,100.0,0.5435837392692292
7.0,100.0,0.5368828372555944
2.0,100.0,0.5301839448684516
0.0,100.0,0.5234953171985165
0.0,100.0,0.5169057037757897
0.0,100.0,0.5103475950757066
0.0,100.0,0.5039249110738047
0.0,100.0,0.4975700031483712
0.0,100.0,0.4914240534779376
0.0,100.0,0.4854211035809983
0.0,100.0,0.4796133596909902
0.0,100.0,0.4740484802599732
0.0,100.0,0.4686349245508978
0.0,100.0,0.4635126255407282
0.0,100.0,0.4585861660512728
0.0,100.0,0.4539348066773349
0.0,100.0,0.4495562447393527
0.0,100.0,0.4454057365511723
0.0,100.0,0.4413968536546179
0.0,100.0,0.4376411937529218
0.0,100.0,0.4341672243311912
0.0,100.0,0.4309704657862641
0.0,100.0,0.4279777421005638
0.0,100.0,0.4251125651090128
0.0,100.0,0.422437522956303
0.0,100.0,0.4198998468594495
0.0,100.0,0.4175983264399612
0.0,100.0,0.4154323852861414
0.0,100.0,0.4132912719879922
0.0,100.0,0.4113299386622093
0.0,100.0,0.4094939651407254
0.0,100.0,0.4077338671543614
0.0,100.0,0.4060723559310042
0.0,100.0,0.4046262959975971
0.0,100.0,0.4032542461210427
0.0,100.0,0.4019976518833479
0.0,100.0,0.4009400668191337
0.0,100.0,0.3999751880449826
0.0,100.0,0.399128553104214
0.0,100.0,0.3984141659153763
0.0,100.0,0.3977882213866214
0.0,100.0,0.3973547407641838
0.0,100.0,0.3969347964392842
0.0,100.0,0.3967542141384392
0.0,100.0,0.3966049123648997
0.0,100.0,0.3966065296155736
0.0,100.0,0.3968337807424393
0.0,100.0,0.3971418104826373
0.0,100.0,0.3975440594576989
0.0,101.0,0.3980739174612775
0.0,102.0,0.3987485031597079
0.0,103.0,0.3995970440779618
0.0,104.0,0.4005856624611641
0.0,104.0,0.4016395907721111
0.0,105.0,0.4028130609073348
0.0,106.0,0.4041265740106893
0.0,107.0,0.4055927553964508
0.0,108.0,0.4071781004099278
0.0,108.0,0.4088867452716458
0.0,109.0,0.4107048114792608
0.0,109.0,0.4125475783142964
0.0,111.0,0.4145355355953218
0.0,111.0,0.4166202243538438
0.0,112.0,0.418727767831612
0.0,112.0,0.4209763528278745
0.0,113.0,0.4232636687353692
0.0,114.0,0.4256360282225602
0.0,115.0,0.4279871686334411
0.0,116.0,0.4303395792429677
0.0,117.0,0.4327804147771811
0.0,117.0,0.4352638888762545
0.0,118.0,0.437656274117143
0.0,119.0,0.440041869396764
0.0,120.0,0.442482530363037
0.0,120.0,0.4448975873292194
0.0,121.0,0.4472505890280119
0.0,122.0,0.4496488428955963
0.0,122.0,0.451991127069643
0.0,123.0,0.4543230147681184
0.0,124.0,0.4566843761126559
0.0,125.0,0.4590277884662763
0.0,125.0,0.4612879399306354
0.0,126.0,0.4636022550000592
0.0,126.0,0.4659618504608847
0.0,127.0,0.4682419695802303
0.0,129.0,0.4705664451289401
0.0,130.0,0.4729002924867509
0.0,130.0,0.4751456290289146
0.0,131.0,0.4774001000928116
0.0,131.0,0.479686558925401
0.0,133.0,0.4818382565855969
0.0,133.0,0.4840561163332692
0.0,134.0,0.4862260795260933
0.0,134.0,0.4885000296495386
0.0,135.0,0.4907262353846626
0.0,136.0,0.49293755179047
0.0,136.0,0.4951276564134511
0.0,137.0,0.4972153682076023
0.0,138.0,0.499392947722427
0.0,139.0,0.5014936549411632
0.0,139.0,0.5035577934040955
0.0,140.0,0.5056328796801149
0.0,142.0,0.5076563219098368
0.0,142.0,0.5096025166594346
0.0,143.0,0.5114419108246476
0.0,144.0,0.5132521787129347
0.0,144.0,0.51498131332527
0.0,145.0,0.5166357276041889
0.0,146.0,0.5182648723639794
0.0,147.0,0.5198436789734154
0.0,147.0,0.5212500709188729
0.0,148.0,0.522705464812279
0.0,148.0,0.5239969397267729
0.0,149.0,0.5252256633445218
0.0,150.0,0.5264431748623364
0.0,150.0,0.5275512371740534
0.0,150.0,0.5285952227003392
0.0,150.0,0.5294730992773852
0.0,150.0,0.5303724051280271
0.0,150.0,0.5311623709936185
0.0,150.0,0.5319098562820734
0.0,150.0,0.5325323937347902
0.0,150.0,0.5331925471470985
0.0,150.0,0.5337781219506047
0.0,150.0,0.5342000030124634
0.0,150.0,0.5345711340686594
0.0,150.0,0.534862143400694
0.0,150.0,0.5350592957031244
0.0,150.0,0.5352388620126671
0.0,150.0,0.5354281167636242
0.0,150.0,0.5355946241816857
0.0,150.0,0.5356597082152991
0.0,150.0,0.5357920156514812
0.0,150.0,0.5358843038799801
0.0,150.0,0.5359339214251113
0.0,150.0,0.5359437512966825
0.0,150.0,0.5359642791908591
0.0,150.0,0.5358863941878013
0.0,150.0,0.5358687739699028
0.0,150.0,0.5358970275883314
0.0,150.0,0.5359241190060304
0.0,150.0,0.5360218460213649
0.0,150.0,0.5360488832362509
0.0,150.0,0.536133047181074
0.0,150.0,0.5360925374300038
0.0,150.0,0.5360572210694973
0.0,150.0,0.5360776771387176
0.0,150.0,0.5360852092232493
0.0,150.0,0.5361191973317003
0.0,150.0,0.5361386444992465
0.0,150.0,0.5361877933361398
0.0,150.0,0.5362635227977358
0.0,150.0,0.5363064654917945
0.0,150.0,0.5363014654464934
0.0,150.0,0.5362745852680069
0.0,150.0,0.5363076928808634
0.0,150.0,0.5363641592560927
0.0,150.0,0.5363807071054211
0.0,150.0,0.5363976237739753
0.0,150.0,0.5363959361706321
0.0,150.0,0.536374455208436
0.0,150.0,0.5363836131282075
0.0,150.0,0.5364128019433562
0.0,150.0,0.5364680069083612
0.0,150.0,0.5364343000293832
0.0,150.0,0.5363983217059783
0.0,150.0,0.5363775425943337
0.0,150.0,0.536405581055001
0.0,150.0,0.5364393122606907
0.0,150.0,0.5363854181521038
0.0,150.0,0.5364430247343593
0.0,150.0,0.5364735272145968
0.0,150.0,0.5365026193118131
0.0,150.0,0.5364793917641902
0.0,150.0,0.5364657382952555
0.0,150.0,0.5363955273731509
0.0,150.0,0.5364105468752913
0.0,150.0,0.5364460832181303
0.0,150.0,0.5364974360687046
0.0,150.0,0.5365124924006712
0.0,150.0,0.5365002127567382
0.0,150.0,0.5364265741465771
0.0,150.0,0.536498909329707
0.0,150.0,0.5365197163468536
0.0,150.0,0.5364946993362757
0.0,150.0,0.536475204557232
0.0,150.0,0.536420773743397
0.0,150.0,0.5363535287548356
0.0,150.0,0.5363852337764669
0.0,150.0,0.5363632666197928
0.0,150.0,0.5363017924754182
0.0,150.0,0.5361921810912418
0.0,150.0,0.5360411299236051
0.0,150.0,0.5359601619062093
0.0,150.0,0.535900334141141
0.0,150.0,0.5358897053839778
0.0,150.0,0.5357642974019171
0.0,150.0,0.5356840684046578
0.0,150.0,0.5357038476069048
0.0,150.0,0.5356815675099604
0.0,150.0,0.5356369918910335
0.0,150.0,0.5355988011958875
0.0,150.0,0.5356228825340833
0.0,150.0,0.5356206535821252
0.0,150.0,0.5356302451470529
0.0,150.0,0.5357436450428603
0.0,150.0,0.5358829771681631
0.0,150.0,0.5359981608189821
0.0,150.0,0.5362523320799393
0.0,150.0,0.5365338984574336
0.0,150.0,0.5369092799156772
0.0,150.0,0.5372919338376234
0.0,150.0,0.537723149652251
0.0,150.0,0.5381789633966166
1.0,150.0,0.538761447869651
2.0,150.0,0.5394634519014523
3.0,150.0,0.5401498132233395
3.0,150.0,0.5409072301297246
4.0,150.0,0.5417362050328933
4.0,150.0,0.542638578857895
6.0,150.0,0.5436658774830053
6.0,150.0,0.5446931463905681
7.0,150.0,0.5457846888037597
7.0,150.0,0.5469666837526825
8.0,150.0,0.5481576036376176
9.0,150.0,0.5493764460802548
10.0,150.0,0.5507929761035847
11.0,150.0,0.5522182130285432
12.0,150.0,0.5536732649436487
12.0,150.0,0.5552260040317366
13.0,150.0,0.5568538705292789
14.0,150.0,0.5585115012117403
14.0,150.0,0.560199299417815
15.0,150.0,0.5618810113478699
16.0,150.0,0.5636063230423587
17.0,150.0,0.565376401503932
17.0,150.0,0.5671269947903027
18.0,150.0,0.5690071770594366
18.0,150.0,0.570896254977396
20.0,150.0,0.5727917637318409
20.0,150.0,0.5747711324378139
21.0,150.0,0.5767244943939167
22.0,150.0,0.5787205309292853
23.0,150.0,0.580748669731976
23.0,150.0,0.5827717916373416
25.0,150.0,0.5847105153683433
25.0,150.0,0.5867146460621301
26.0,150.0,0.588768680785453
26.0,150.0,0.5908496088925447
27.0,150.0,0.592901024983509
28.0,150.0,0.5949762776053122
29.0,150.0,0.5970701897890535
29.0,150.0,0.5992114113569258
30.0,150.0,0.6012602515118555
31.0,150.0,0.6033742573783526
31.0,150.0,0.6055221656435452
32.0,150.0,0.6076367906180632
33.0,150.0,0.6097999752881572
34.0,150.0,0.6118975774535516
35.0,150.0,0.6139605820969181
36.0,150.0,0.6160561355862381
36.0,150.0,0.6182054452421758
37.0,150.0,0.6202760835352286
38.0,150.0,0.622495690842302
39.0,150.0,0.6246178282406574
42.0,150.0,0.6266760423338416
42.0,150.0,0.6287767768238638
43.0,150.0,0.6309908877210526
43.0,150.0,0.6331425738521086
45.0,150.0,0.6352908213322324
45.0,150.0,0.6374102931888993
46.0,150.0,0.6395038888309296
46.0,150.0,0.64167028249783
47.0,150.0,0.6437372050102309
48.0,150.0,0.6458642801874713
50.0,150.0,0.6479840112572575
50.0,150.0,0.6498134332147194
51.0,150.0,0.651745497179928
51.0,150.0,0.6536703604610893
52.0,150.0,0.6557195632063381
52.0,150.0,0.6578112125302182
54.0,150.0,0.6598962895195043
54.0,150.0,0.6620829222178665
55.0,150.0,0.6643262089514276
56.0,150.0,0.6665880684272931
56.0,150.0,0.6689291684522085
57.0,150.0,0.6713145070329235
58.0,150.0,0.6737725251307285
59.0,150.0,0.6761696674442573
60.0,150.0,0.6786692858048088
61.0,150.0,0.6811113047406848
61.0,150.0,0.6835860264104845
62.0,150.0,0.6860391550657198
63.0,150.0,0.6885572361094577
64.0,150.0,0.6910781625404072
64.0,150.0,0.6936404037463232
65.0,150.0,0.6962401496069313
65.0,150.0,0.6988174520146867
66.0,150.0,0.7013334789688641
67.0,150.0,0.7038770766947469
68.0,150.0,0.7063905086411097
68.0,150.0,0.7089521437630829
69.0,150.0,0.7114475067837627
70.0,150.0,0.7140230356972145
70.0,150.0,0.7165524856734311
72.0,150.0,0.7190378452285735
73.0,150.0,0.7214884979273888
73.0,150.0,0.7239039548573303
74.0,150.0,0.726238276087709
75.0,150.0,0.7285887447732959
75.0,150.0,0.73087390398415
76.0,150.0,0.7331273094293467
77.0,150.0,0.7352791544767993
78.0,150.0,0.7374987910484088
78.0,150.0,0.7395501593466713
79.0,150.0,0.7416723133478941
79.0,150.0,0.7436387418966719
80.0,150.0,0.7455323637680616
81.0,150.0,0.7472964577452752
82.0,150.0,0.7491116699131609
83.0,150.0,0.7507225435003313
84.0,150.0,0.7523902325080098
84.0,150.0,0.7539110527983898
85.0,150.0,0.7553568777321368
86.0,150.0,0.756780513488326
87.0,150.0,0.7580148401095402
87.0,150.0,0.7591812735055401
88.0,150.0,0.7606606667420798
89.0,150.0,0.7620840081994174
89.0,150.0,0.7634343762938248
90.0,150.0,0.7648293118076528
91.0,150.0,0.7661342306733119
92.0,150.0,0.7674359381185543
92.0,150.0,0.7685761347481492
93.0,150.0,0.7698198734738282
94.0,150.0,0.7710260882918306
95.0,150.0,0.7721641058460219
95.0,150.0,0.7732290954494103
97.0,150.0,0.7743115160478382
97.0,150.0,0.7753311899249362
98.0,150.0,0.7763055512241726
98.0,150.0,0.777261791433464
99.0,150.0,0.7781316910687895
100.0,150.0,0.7790775830482227
101.0,150.0,0.7799475814853334
101.0,150.0,0.7807730332282945
102.0,150.0,0.7815040894017071
103.0,150.0,0.7822362330289695
103.0,150.0,0.7828973450133856
105.0,150.0,0.7836481507394498
106.0,150.0,0.7843173592832445
106.0,150.0,0.7849707328817404
107.0,150.0,0.785515082855692
108.0,150.0,0.786130788738045
108.0,150.0,0.7866057510701476
109.0,150.0,0.787114014949284
110.0,150.0,0.7876072805498638
111.0,150.0,0.7880778225326948
111.0,150.0,0.7884607396316098
112.0,150.0,0.7888088930212673
112.0,150.0,0.7892106902307172
114.0,150.0,0.7896447229607904
114.0,150.0,0.7900519633059849
115.0,150.0,0.790400329633648
115.0,150.0,0.7907192051687677
117.0,150.0,0.7910286818726568
117.0,150.0,0.7912320377810578
119.0,150.0,0.791539681963259
119.0,150.0,0.7917888812656214
120.0,150.0,0.7919979848919776
120.0,150.0,0.792215086502433
121.0,150.0,0.792430998867379
122.0,150.0,0.7925646959839614
122.0,150.0,0.7928384304060321
123.0,150.0,0.792945656322814
124.0,150.0,0.7930672988968248
125.0,150.0,0.7931836529705295
125.0,150.0,0.7933772160636914
126.0,150.0,0.7935893971323453
127.0,150.0,0.7937869490361255
128.0,150.0,0.7939364439737233
129.0,150.0,0.7940071884299963
130.0,150.0,0.7941317298012619
130.0,150.0,0.7942158334049675
131.0,150.0,0.7943882735961381
131.0,150.0,0.794509149810775
133.0,150.0,0.7946112364945052
133.0,150.0,0.7947055579513898
134.0,150.0,0.7947778963282499
134.0,150.0,0.7948445721532968
135.0,150.0,0.7949529438717955
135.0,150.0,0.7949912388501644
137.0,150.0,0.795078644204759
137.0,150.0,0.7952100281545653
139.0,150.0,0.7952673283199143
139.0,150.0,0.7953060961289249
140.0,150.0,0.795326308138257
141.0,150.0,0.7954218222382364
142.0,150.0,0.7954466137850439
142.0,150.0,0.7954526772292895
143.0,150.0,0.7954369887199234
144.0,150.0,0.79549200448472
144.0,150.0,0.7955451463452377
145.0,150.0,0.7956503946860835
145.0,150.0,0.7957157914561123
147.0,150.0,0.7958392781036014
147.0,150.0,0.7959307791568528
148.0,150.0,0.7959754492286552
148.0,150.0,0.7960608379803822
150.0,150.0,0.7961202553624296
150.0,150.0,0.7962017590431469
152.0,150.0,0.7962475373620216
152.0,150.0,0.7962844792180094
153.0,150.0,0.7963203328273776
153.0,150.0,0.796326403134746
154.0,150.0,0.7963897270152415
155.0,150.0,0.7963755651089697
156.0,150.0,0.7964361234455117
156.0,150.0,0.7963752358149878
157.0,150.0,0.7964403597815555
158.0,150.0,0.7965349822192098
158.0,150.0,0.7965518668598587
159.0,150.0,0.7965810416996059
161.0,150.0,0.7966201268883982
161.0,150.0,0.7966016035016852
162.0,150.0,0.7966195682573987
162.0,150.0,0.7966547005593761
163.0,150.0,0.7967200621530702
164.0,150.0,0.7967637918411719
165.0,150.0,0.7966914688666991
166.0,150.0,0.7965473515140976
166.0,150.0,0.7965116642052118
167.0,150.0,0.7965005374299733
167.0,150.0,0.796454511766878
168.0,150.0,0.7964920628778883
169.0,150.0,0.7964814450609504
170.0,150.0,0.7964079291036239
170.0,150.0,0.7963733207772746
171.0,150.0,0.7963085351422658
172.0,150.0,0.7963528659764865
173.0,150.0,0.7963465326733536
174.0,150.0,0.7963655293437201
175.0,150.0,0.7964185287321546
175.0,150.0,0.7963764909510045
175.0,150.0,0.7962716499353529
177.0,150.0,0.7962859516862418
177.0,150.0,0.7962372297446352
178.0,150.0,0.796249986318963
179.0,150.0,0.7961700680875197
180.0,150.0,0.7961322268906633
180.0,150.0,0.7961083434051938
181.0,150.0,0.7961437656797639
181.0,150.0,0.7961456674215928
182.0,150.0,0.7961315190150605
184.0,150.0,0.7961533632244422
184.0,150.0,0.7961537456566603
185.0,150.0,0.7960913301093094
186.0,150.0,0.7960631758815804
186.0,150.0,0.79605073251933
187.0,150.0,0.7959404097260616
188.0,150.0,0.7958815113138666
189.0,150.0,0.7958482342067975
189.0,150.0,0.7958142331648712
190.0,150.0,0.7957430018799043
191.0,150.0,0.795727981267886
191.0,150.0,0.7957867739698725
192.0,150.0,0.795718461301409
193.0,150.0,0.7956868089197014
194.0,150.0,0.7956713017960974
195.0,150.0,0.7956766371604318
195.0,150.0,0.7955700222201161
196.0,150.0,0.7955517504132801
197.0,150.0,0.7954356491199325
198.0,150.0,0.7954271758136288
199.0,150.0,0.7953528394526693
199.0,150.0,0.7952330995718113
200.0,150.0,0.7951803398037532
200.0,150.0,0.7950986182019051
200.0,150.0,0.7950846773651928
200.0,150.0,0.795037977643795
200.0,150.0,0.7950303840176653
200.0,150.0,0.7950491874786724
200.0,150.0,0.795009907789438
200.0,150.0,0.7949915432964711
200.0,150.0,0.7949124488209451
200.0,150.0,0.7947911166050398
200.0,150.0,0.7947138559875854
200.0,150.0,0.7946548261567851
200.0,150.0,0.7946104038369138
200.0,150.0,0.79451289990704
200.0,150.0,0.7944139748124739
200.0,150.0,0.7942890488118848
200.0,150.0,0.7941584048335387
200.0,150.0,0.7939501686333986
200.0,150.0,0.7938717048176835
200.0,150.0,0.7937622935286397
200.0,150.0,0.7935736229132238
200.0,150.0,0.7933866292327326
197.0,150.0,0.793138408412329
194.0,150.0,0.7929460449159871
192.0,150.0,0.7928048545832502
189.0,150.0,0.7926075199210835
187.0,150.0,0.7923676479421032
181.0,150.0,0.7921174029082406
179.0,150.0,0.7919067762349299
177.0,150.0,0.7916451220411769
174.0,150.0,0.7914075979296454
171.0,150.0,0.7911658463157926
169.0,150.0,0.7908657039343115
164.0,150.0,0.7905246114746863
161.0,150.0,0.7902909935897965
158.0,150.0,0.7900199740650055
156.0,150.0,0.7897259165778597
153.0,150.0,0.7894137475140078
151.0,150.0,0.7891651834921728
145.0,150.0,0.7888494079140169
143.0,150.0,0.7884973007768225
141.0,150.0,0.7881205424584009
138.0,150.0,0.7877600384152741
135.0,150.0,0.7873424340074734
133.0,150.0,0.7870337212846484
128.0,150.0,0.7866226992909454
125.0,150.0,0.7862127486012357
122.0,150.0,0.7858339187523149
120.0,150.0,0.7852418601326406
117.0,150.0,0.7846849266800145
115.0,150.0,0.7841714857640255
109.0,150.0,0.7835287949896026
107.0,150.0,0.7827962860766036
104.0,150.0,0.7818525377697337
102.0,150.0,0.7809276894152977
99.0,150.0,0.7798155847470154
97.0,150.0,0.778625867471426
92.0,150.0,0.7773457449544948
89.0,150.0,0.7759060277695078
86.0,150.0,0.774383576275703
84.0,150.0,0.7726779431016789
81.0,150.0,0.7707173966793366
79.0,150.0,0.7686286662211157
76.0,150.0,0.7663881645336486
70.0,150.0,0.7639379858433049
68.0,150.0,0.7612380517111615
65.0,150.0,0.7583198457042308
62.0,150.0,0.755120930779771
61.0,150.0,0.7518291816121798
57.0,150.0,0.7481433433825488
53.0,150.0,0.7442536554394475
50.0,150.0,0.7402125382680511
48.0,150.0,0.7358765044960521
45.0,150.0,0.7313802068222661
42.0,150.0,0.7267252422477577
37.0,150.0,0.7218596070578333
32.0,150.0,0.716861752474491
29.0,150.0,0.711745373439859
27.0,150.0,0.7064186072616903
25.0,150.0,0.7009624515616749
22.0,150.0,0.6954322973565973
19.0,150.0,0.6898859631247921
14.0,150.0,0.6841910376678175
12.0,150.0,0.6785268919340529
9.0,150.0,0.6729232740944648
7.0,150.0,0.6671787203559891
4.0,150.0,0.6615760844865475
1.0,150.0,0.6560273975400714
0.0,150.0,0.6505594411424188
0.0,150.0,0.645202517746646
0.0,150.0,0.6399314171781174
0.0,150.0,0.634771133049372
0.0,150.0,0.6297951896531463
0.0,150.0,0.6249697566648572
0.0,150.0,0.6203434496590365
0.0,150.0,0.6158246178395168
0.0,150.0,0.6115850071348581
0.0,150.0,0.607414630931547
0.0,150.0,0.6035127735621847
0.0,150.0,0.5998419612221547
0.0,150.0,0.5963984835442915
0.0,150.0,0.5930981161294014
0.0,150.0,0.590052873315295
0.0,150.0,0.5872470527757587
0.0,150.0,0.5847028647533804
0.0,150.0,0.5822316813743686
0.0,150.0,0.5800175265803758
0.0,150.0,0.5779774589004739
0.0,150.0,0.5760973394866707
0.0,150.0,0.5743512904708382
0.0,150.0,0.5727771727331774
0.0,150.0,0.571299160977532
0.0,150.0,0.5699531208633732
0.0,150.0,0.5687213187614005
0.0,150.0,0.5674554550498783
0.0,150.0,0.5663665603070757
0.0,150.0,0.565361104373759
0.0,150.0,0.564389068427305
0.0,150.0,0.5635367158711884
0.0,150.0,0.5626006428004509
0.0,150.0,0.5618596825522005
0.0,150.0,0.5611980055719747
0.0,150.0,0.5604721698565563
0.0,150.0,0.5598858420575124
0.0,150.0,0.5593369609956538
0.0,150.0,0.5587729190921
0.0,150.0,0.5581994496363932
0.0,150.0,0.557741748352106
0.0,150.0,0.5573011404561174
0.0,150.0,0.556928983419718
0.0,150.0,0.5565803777887864
0.0,150.0,0.5561715075765505
0.0,150.0,0.5557586577271769
0.0,150.0,0.5554383968832168
0.0,150.0,0.5551090797072898
0.0,150.0,0.5547642514892102
0.0,150.0,0.5545261619968095
0.0,150.0,0.5542651521211612
0.0,150.0,0.5540289263176322
0.0,150.0,0.5538090952455808
0.0,150.0,0.5535299189561971
0.0,150.0,0.5533735092753437
0.0,150.0,0.5531980130466636
0.0,150.0,0.5530702763595359
0.0,150.0,0.5529411292440859
0.0,150.0,0.5527776231624081
0.0,150.0,0.5526269465219406
0.0,150.0,0.5524679231918538
0.0,150.0,0.5523709335431641
0.0,150.0,0.5521457875375921
0.0,150.0,0.552047591949923
0.0,150.0,0.5519568274478959
0.0,150.0,0.5517876921560433
0.0,150.0,0.5516716469228558
0.0,150.0,0.5515657492807802
0.0,150.0,0.5514638778907146
0.0,150.0,0.5513702650116007
0.0,150.0,0.5512583875285321
0.0,150.0,0.5511842813879626
0.0,150.0,0.5510868768487884
0.0,150.0,0.5510393737343351
0.0,150.0,0.5509067156673347
0.0,150.0,0.5507855343495246
0.0,150.0,0.5507677835737427
0.0,150.0,0.5506901518267041
0.0,150.0,0.5506948688757879
0.0,150.0,0.5506402056218072
0.0,150.0,0.5505959578698763
0.0,150.0,0.5505527617385935
0.0,150.0,0.550466479852254
0.0,150.0,0.5504999696255217
0.0,150.0,0.5504541821105159
0.0,150.0,0.5504039822871903
0.0,150.0,0.5503672377176644
0.0,150.0,0.5503105391967467
0.0,150.0,0.5502592722371326
0.0,150.0,0.5502957067656609
0.0,150.0,0.5502976097985722
0.0,150.0,0.5502503107431009
0.0,150.0,0.5501722899272274
0.0,150.0,0.550129672971011
0.0,150.0,0.5500384247660688
0.0,150.0,0.5500842442636791
0.0,150.0,0.5500313338013809
0.0,150.0,0.5500361440575589
0.0,150.0,0.5500689479262761
0.0,150.0,0.5500620167387068
0.0,150.0,0.5500604242224549
0.0,150.0,0.5500588937234631
0.0,150.0,0.5500497270379209
0.0,150.0,0.5499738728169872
0.0,150.0,0.5499438779586665
0.0,150.0,0.5497860713265798
0.0,150.0,0.5496422071846966
0.0,150.0,0.5495241111915824
0.0,150.0,0.5493997120885449
0.0,150.0,0.5492589087407908
0.0,150.0,0.5491598347413796
0.0,150.0,0.5490774754127424
0.0,150.0,0.5490753354095714
0.0,150.0,0.549089604022677
0.0,150.0,0.5491559007904407
0.0,150.0,0.5491848192710406
0.0,150.0,0.5493271159255514
0.0,150.0,0.5494939520713304
0.0,150.0,0.5496652900631309
0.0,150.0,0.5499249192280045
0.0,150.0,0.5502203298148806
0.0,150.0,0.5506258572786963
0.0,150.0,0.5509383331445143
0.0,150.0,0.5513510895376376
0.0,150.0,0.5518079604520411
0.0,150.0,0.5522997201974484
0.0,151.0,0.5529330838523444
0.0,152.0,0.553591403723689
0.0,152.0,0.5542031837640069
0.0,153.0,0.5548537112731238
0.0,153.0,0.555642522299421
0.0,155.0,0.5564023403473949
0.0,156.0,0.5572575465581807
0.0,156.0,0.5581551143400104
0.0,157.0,0.5590831059139985
0.0,158.0,0.5600496840018374
0.0,158.0,0.5610322114656529
0.0,159.0,0.56205699306886
0.0,160.0,0.5631491215655415
0.0,161.0,0.5642314488889237
0.0,161.0,0.5652661431968354
0.0,162.0,0.5663426266505942
0.0,162.0,0.5674666163445848
0.0,164.0,0.5686396752813669
0.0,164.0,0.5697619600896298
0.0,165.0,0.5709263090443059
0.0,166.0,0.572002145552494
0.0,166.0,0.573158988425492
0.0,167.0,0.5742667679674973
0.0,169.0,0.5752597263130996
0.0,169.0,0.5763026984302483
0.0,170.0,0.5772509925252447
0.0,170.0,0.5782309997281256
0.0,171.0,0.5791050391174662
0.0,172.0,0.5800777216697323
0.0,173.0,0.5809773457382275
0.0,173.0,0.5818755950530475
0.0,174.0,0.5828264986748736
0.0,175.0,0.583704860721579
0.0,175.0,0.5846061350879291
0.0,176.0,0.5855039600896279
0.0,177.0,0.5864453690456631
0.0,178.0,0.5873667360528432
0.0,178.0,0.5882434796483945
0.0,179.0,0.589126635574916
0.0,180.0,0.5900026818273791
0.0,181.0,0.590834089265826
0.0,182.0,0.5916775611677944
0.0,183.0,0.5925300778046376
0.0,183.0,0.5933157209449125
0.0,184.0,0.5941055669436893
0.0,184.0,0.5948527603569036
0.0,186.0,0.5955783735757759
0.0,186.0,0.5963960696730828
0.0,187.0,0.5971645331490391
0.0,188.0,0.5978758016941929
0.0,188.0,0.5986490396384271
0.0,189.0,0.5992636480100775
0.0,190.0,0.5998621716006458
0.0,191.0,0.6005591102855535
0.0,191.0,0.6011795688236858
0.0,192.0,0.6017392395070533
0.0,192.0,0.6022889828987497
0.0,193.0,0.6028331641259574
0.0,195.0,0.6033458989557383
0.0,195.0,0.6038177621236469
0.0,196.0,0.6042612032661416
0.0,197.0,0.6046886008742414
0.0,197.0,0.6050484088880129
0.0,198.0,0.6052915022310106
0.0,199.0,0.6055920047791996
0.0,200.0,0.6059118350811316
0.0,200.0,0.6061886969579576
0.0,200.0,0.6063694627057663
0.0,200.0,0.6064738114112861
0.0,200.0,0.6065891662098094
0.0,200.0,0.6066765001471578
0.0,200.0,0.6067989379600189
0.0,200.0,0.6068504669414226
0.0,200.0,0.6068273177647708
0.0,200.0,0.6068431051438736
0.0,200.0,0.6068469742915327
0.0,200.0,0.6068642736867624
0.0,200.0,0.6068450715530788
0.0,200.0,0.6069165565244259
0.0,200.0,0.6068952005707235
0.0,200.0,0.6069613726244506
0.0,200.0,0.6070788083081581
0.0,200.0,0.6071551159934964
0.0,200.0,0.6072693288182488
0.0,200.0,0.6074558207659714
0.0,200.0,0.6077281080657969
0.0,200.0,0.6079651999138569
0.0,200.0,0.6082728823755207
0.0,200.0,0.608570734195494
0.0,200.0,0.6090050269541069
1.0,200.0,0.6094362352940467
1.0,200.0,0.6100711357221421
2.0,200.0,0.6106869671566028
3.0,200.0,0.6113784222971496
4.0,200.0,0.612170509320638
4.0,200.0,0.6130288805408242
5.0,200.0,0.6139460327979532
6.0,200.0,0.6148895330810853
6.0,200.0,0.6158849693084063
7.0,200.0,0.6169064288205129
8.0,200.0,0.6180599163287236
9.0,200.0,0.6191495246097716
9.0,200.0,0.620386054769005
10.0,200.0,0.6217056038641147
11.0,200.0,0.6229996922239867
12.0,200.0,0.6243802141610634
13.0,200.0,0.6258114188995622
14.0,200.0,0.6273204055583765
14.0,200.0,0.6287223017055145
15.0,200.0,0.6302834140523399
15.0,200.0,0.6318614743934573
16.0,200.0,0.6334159320029161
17.0,200.0,0.6349142827696377
18.0,200.0,0.636551755713532
18.0,200.0,0.6382878463384609
19.0,200.0,0.639963730367544
20.0,200.0,0.6415950930031642
20.0,200.0,0.6432710069536498
22.0,200.0,0.6450678840969598
23.0,200.0,0.6468266186549336
23.0,200.0,0.6486228328160696
24.0,200.0,0.6504134608937155
25.0,200.0,0.6521695256516941
25.0,200.0,0.6540040145189389
26.0,200.0,0.6558630161271292
27.0,200.0,0.6577630655506719
28.0,200.0,0.6596370681328365
28.0,200.0,0.661475861242533
29.0,200.0,0.6633098332237781
29.0,200.0,0.6651241510565714
30.0,200.0,0.6670510854831722
31.0,200.0,0.6689546618269169
32.0,200.0,0.6707835533759893
33.0,200.0,0.6726499945637847
34.0,200.0,0.6746420924142454
34.0,200.0,0.6765834801240461
35.0,200.0,0.6785368415138847
36.0,200.0,0.6804506093908469
37.0,200.0,0.6823943860788803
37.0,200.0,0.6844008568030187
38.0,200.0,0.686399576706074
39.0,200.0,0.6883422159504508
42.0,200.0,0.690262902443916
43.0,200.0,0.6922551467529601
43.0,200.0,0.6942118929080257
44.0,200.0,0.6961673450360465
45.0,200.0,0.6980634511539652
45.0,200.0,0.6999756343064711
46.0,200.0,0.7018500632856098
48.0,200.0,0.7037311324830998
48.0,200.0,0.7056548379577422
49.0,200.0,0.7074907369135509
50.0,200.0,0.7093929136106444
50.0,200.0,0.711235736619093
51.0,200.0,0.7129185109514673
52.0,200.0,0.714696815918737
53.0,200.0,0.7164539009036741
53.0,200.0,0.7182138922058551
54.0,200.0,0.7199184041766811
54.0,200.0,0.7216934850165639
55.0,200.0,0.7233762933700938
56.0,200.0,0.7250251905818087
57.0,200.0,0.726614838682558
57.0,200.0,0.728324457926482
59.0,200.0,0.7298847080114214
59.0,200.0,0.7314838064734474
60.0,200.0,0.7330978078098309
61.0,200.0,0.7346278132006662
62.0,200.0,0.7361505139413397
62.0,200.0,0.7375804328976013
63.0,200.0,0.7390423596003577
64.0,200.0,0.740523357357951
64.0,200.0,0.7420124740536859
65.0,200.0,0.7435140749506483
65.0,200.0,0.7449549778023548
66.0,200.0,0.7463681986454088
67.0,200.0,0.747669530385652
68.0,200.0,0.7489553605290301
68.0,200.0,0.7503945575889858
69.0,200.0,0.751809316926683
71.0,200.0,0.7533041144985416
72.0,200.0,0.7546497175926093
72.0,200.0,0.7559637279892206
73.0,200.0,0.7573890432851503
73.0,200.0,0.7588102057803368
74.0,200.0,0.7600639743141653
75.0,200.0,0.761347781467215
76.0,200.0,0.762594169584726
76.0,200.0,0.7638831078166224
77.0,200.0,0.765127880608758
78.0,200.0,0.7663458176175235
78.0,200.0,0.7675410915082118
79.0,200.0,0.7688467005593794
80.0,200.0,0.7700881004551866
81.0,200.0,0.7713773213888429
82.0,200.0,0.7726538763731006
83.0,200.0,0.7739181917143313
83.0,200.0,0.7751397389747448
84.0,200.0,0.776390662891481
85.0,200.0,0.7776823900880199
86.0,200.0,0.7788927810368522
86.0,200.0,0.7800558373461685
87.0,200.0,0.7811483775169533
87.0,200.0,0.7821908477654299
89.0,200.0,0.7833151594825695
89.0,200.0,0.7844309827401742
90.0,200.0,0.7855634272123028
90.0,200.0,0.786665148859452
91.0,200.0,0.7876206846133759
92.0,200.0,0.7886065187885556
94.0,200.0,0.7895429561710555
94.0,200.0,0.790521321683298
95.0,200.0,0.7914413931911464
95.0,200.0,0.7923651991890169
96.0,200.0,0.7931999587079189
97.0,200.0,0.7940672119186372
98.0,200.0,0.7947643032230833
98.0,200.0,0.7954390822667762
99.0,200.0,0.7961607683525311
100.0,200.0,0.7968472577407391
100.0,200.0,0.7976177090986408
101.0,200.0,0.7983532605720601
102.0,200.0,0.7989721017689162
103.0,200.0,0.7995780482456201
103.0,200.0,0.8001434159549677
104.0,200.0,0.8006544921288336
104.0,200.0,0.8011204232937524
106.0,200.0,0.8016573636095012
107.0,200.0,0.8022424325125341
108.0,200.0,0.8026900269993852
108.0,200.0,0.8031812453735274
109.0,200.0,0.8035418330878583
109.0,200.0,0.8039247353053491
110.0,200.0,0.804290567192821
111.0,200.0,0.8045410747241353
112.0,200.0,0.8048064651746554
112.0,200.0,0.8050861672517123
113.0,200.0,0.805385622505512
114.0,200.0,0.8056125169765079
114.0,200.0,0.8058543537112015
114.0,200.0,0.8061204395115596
116.0,200.0,0.8063885075538708
117.0,200.0,0.806652110262879
118.0,200.0,0.8068877720445726
119.0,200.0,0.8071132639696446
119.0,200.0,0.8073003539830085
120.0,200.0,0.8075039502819054
121.0,200.0,0.8076849370992739
122.0,200.0,0.807888651226434
122.0,200.0,0.8080090031030337
123.0,200.0,0.8081276699131539
123.0,200.0,0.8082474335091585
124.0,200.0,0.8083865666492068
125.0,200.0,0.808527678384467
126.0,200.0,0.8088008658405815
126.0,200.0,0.8089355770776234
128.0,200.0,0.8090633182489508
128.0,200.0,0.8091843256524541
129.0,200.0,0.8092988355859292
130.0,200.0,0.809407084347172
131.0,200.0,0.8095093082339788
131.0,200.0,0.8096057435441454
132.0,200.0,0.8096966265754679
133.0,200.0,0.8097821936257423
133.0,200.0,0.8098626809927646
134.0,200.0,0.8099383249743307
135.0,200.0,0.8100093618682368
135.0,200.0,0.8100760279722788
136.0,200.0,0.8101385595842527
137.0,200.0,0.8101971930019546
137.0,200.0,0.8102521645231804
139.0,200.0,0.8103037104457261
140.0,200.0,0.8103520670673878
141.0,200.0,0.8103974706859615
141.0,200.0,0.8104401575992431
142.0,200.0,0.8104803641050288
142.0,200.0,0.8105183265011144
143.0,200.0,0.8105542810852961
144.0,200.0,0.8105884641553699
145.0,200.0,0.8106211120091316
