current_1,current_2,field_strength
0.0,0.0,0.000366729008354
0.0,0.0,0.0003875769540629
0.0,0.0,0.0004041727948288
0.0,0.0,0.000416739798117
0.0,0.0,0.0004255012313926
0.0,0.0,0.0004306803621206
0.0,0.0,0.0004325004577664
0.0,0.0,0.0004311847857949
0.0,0.0,0.0004269566136714
0.0,0.0,0.0004200392088611
0.0,0.0,0.000410655838829
0.0,0.0,0.0003990297710403
0.0,0.0,0.0003853842729602
0.0,0.0,0.0003699426120537
0.0,0.0,0.0003529280557862
0.0,0.0,0.0003345638716226
0.0,0.0,0.0003150733270282
0.0,0.0,0.0002946796894681
0.0,0.0,0.0002736062264074
0.0,0.0,0.0002520762053113
0.0,0.0,0.000230312893645
0.0,0.0,0.0002085395588735
0.0,0.0,0.0001869794684621
0.0,0.0,0.0001658558898759
0.0,0.0,0.00014539209058
0.0,0.0,0.0001258113380396
0.0,0.0,6.15207819879427e-05
0.0,0.0,2.4003569769890055e-05
0.0,0.0,3.102520003773219e-05
0.0,0.0,6.482622184127986e-05
0.0,0.0,7.017528226201354e-05
0.0,0.0,7.12805413284702e-05
0.0,0.0,1.9089785452578778e-05
0.0,0.0,0.0003024642108611
0.0,0.0,0.0007756255754524
0.0,0.0,0.0013202951113627
0.0,0.0,0.001827946477137
0.0,0.0,0.002230609071836
0.0,0.0,0.0025857826844422
0.0,0.0,0.0028792926706694
0.0,0.0,0.0030417838669758
0.0,0.0,0.0030114179304773
0.0,0.0,0.0029056609645962
0.0,0.0,0.0026027105502517
0.0,0.0,0.002086569790572
0.0,0.0,0.0013469699591984
0.0,0.0,0.0005078708740205
0.0,0.0,0.0004018872873813
0.0,0.0,0.0015302017593725
0.0,0.0,0.0028556601370836
0.0,0.0,0.0043659460917747
0.0,0.0,0.0059737615715832
0.0,0.0,0.0076557732054249
0.0,0.0,0.009537147407035
0.0,0.0,0.0115538500193546
0.0,0.0,0.0137210412725133
0.0,0.0,0.0160333113950554
0.0,0.0,0.0184482358473538
15.0,0.0,0.0208754281200878
19.0,0.0,0.0233986343826505
22.0,0.0,0.0259872672002307
25.0,0.0,0.0285783954663021
29.0,0.0,0.0312116052667956
32.0,0.0,0.0338749425269402
35.0,0.0,0.0365213531503855
37.0,0.0,0.0391972385164207
42.0,0.0,0.0418539155158935
43.0,0.0,0.0445702155192659
44.0,0.0,0.0472022779847325
45.0,0.0,0.0497512106384027
45.0,0.0,0.0523087750150791
46.0,0.0,0.0547249487359989
47.0,0.0,0.0571488102627354
48.0,0.0,0.0594858812152572
49.0,0.0,0.0616332459366563
50.0,0.0,0.0636909345398462
50.0,0.0,0.0656371874334563
51.0,0.0,0.0674231952705532
51.0,0.0,0.0690877671747863
51.0,0.0,0.0704350985752709
53.0,0.0,0.0716394713130451
54.0,0.0,0.0726029411311609
54.0,0.0,0.0732975336474126
55.0,0.0,0.0737998334956537
56.0,0.0,0.0745237411719317
56.0,0.0,0.0753361394821991
57.0,0.0,0.0761336772746745
58.0,0.0,0.0769577557815489
59.0,0.0,0.0777480588008697
60.0,0.0,0.0785780040091416
61.0,0.0,0.079384329950839
61.0,0.0,0.0803044579945091
62.0,0.0,0.0811790878388996
63.0,0.0,0.082099590522992
63.0,0.0,0.083020829214695
64.0,0.0,0.0839479303268379
65.0,0.0,0.0848481227660776
66.0,0.0,0.0858476972071747
66.0,0.0,0.0868729437359748
67.0,0.0,0.0878892076604124
67.0,0.0,0.0888480265917584
68.0,0.0,0.0898665323336777
68.0,0.0,0.0908743141180894
70.0,0.0,0.0919134516070472
70.0,0.0,0.0929109933633722
72.0,0.0,0.0939483196221775
72.0,0.0,0.0949262092233008
73.0,0.0,0.0958884127613197
74.0,0.0,0.0968476874674285
75.0,0.0,0.0978857278080929
76.0,0.0,0.098900900541337
76.0,0.0,0.0998271353824432
77.0,0.0,0.1008362443316831
78.0,0.0,0.1018277094158299
78.0,0.0,0.1027833551609203
79.0,0.0,0.1037454660581092
80.0,0.0,0.1047400582572529
81.0,0.0,0.1057663797594386
81.0,0.0,0.106713476522672
82.0,0.0,0.10776708002445
82.0,0.0,0.1088054644952193
84.0,0.0,0.1098547302770036
84.0,0.0,0.1109287798137993
85.0,0.0,0.1119836033885121
86.0,0.0,0.1130656400824349
86.0,0.0,0.1141832358603685
87.0,0.0,0.1152514433622371
89.0,0.0,0.1162617987270244
89.0,0.0,0.1172445211669436
90.0,0.0,0.118172326553249
90.0,0.0,0.1191441488142287
90.0,0.0,0.1200584453554866
92.0,0.0,0.1210571517135014
92.0,0.0,0.1220379411764563
94.0,0.0,0.1229583716958337
94.0,0.0,0.1238158090783338
95.0,0.0,0.1246743704727028
95.0,0.0,0.1254808092821888
96.0,0.0,0.1261902892251092
97.0,0.0,0.1269071145665665
97.0,0.0,0.1276090287888591
98.0,0.0,0.128296430496712
99.0,0.0,0.1288906315658188
100.0,0.0,0.1294764917212016
100.0,0.0,0.1300429746086962
100.0,0.0,0.1305197691453787
100.0,0.0,0.1309693962943515
100.0,0.0,0.1314182711952552
100.0,0.0,0.1317745337153575
100.0,0.0,0.1321393250356592
100.0,0.0,0.1324656267638976
100.0,0.0,0.1327925326054795
100.0,0.0,0.132981267616465
100.0,0.0,0.1331360199098352
100.0,0.0,0.1332915770685477
100.0,0.0,0.1334139891956627
100.0,0.0,0.13349175211215
100.0,0.0,0.1335716499580808
100.0,0.0,0.1335639320482754
100.0,0.0,0.1335278126797733
100.0,0.0,0.1334394922648149
100.0,0.0,0.1332585245645272
100.0,0.0,0.1331761517135
100.0,0.0,0.1330737218283384
100.0,0.0,0.1329377383179532
100.0,0.0,0.1328349108246917
100.0,0.0,0.1327784276880408
100.0,0.0,0.1327771058460965
100.0,0.0,0.1327852927812479
100.0,0.0,0.1328624079367441
100.0,0.0,0.1328720127069541
100.0,0.0,0.1329841259824529
100.0,0.0,0.1330921176923444
100.0,0.0,0.1332526098665725
100.0,0.0,0.1334333093388142
100.0,0.0,0.1335810007701037
100.0,0.0,0.1338061371265331
100.0,0.0,0.1340167572764798
100.0,0.0,0.1342845210083877
100.0,0.0,0.1346715395592042
100.0,0.0,0.1350867858841492
101.0,0.0,0.1356350471358196
101.0,0.0,0.136179874311973
101.0,0.0,0.1366833627262066
103.0,0.0,0.1372895745090328
104.0,0.0,0.1379795408502863
105.0,0.0,0.1387343773358238
106.0,0.0,0.139427970667496
106.0,0.0,0.1402099235769616
107.0,0.0,0.1410752632675546
108.0,0.0,0.1419871221771562
109.0,0.0,0.1429036003306816
109.0,0.0,0.1438412503114285
110.0,0.0,0.1447878184103661
110.0,0.0,0.1457926338308738
111.0,0.0,0.1467932180796675
112.0,0.0,0.1478642255543554
113.0,0.0,0.1490005385399269
113.0,0.0,0.1500922880246263
114.0,0.0,0.1512156671725117
115.0,0.0,0.1522986974789738
115.0,0.0,0.1533862193933998
116.0,0.0,0.1544513611859657
118.0,0.0,0.155571989671322
119.0,0.0,0.1566961218147453
119.0,0.0,0.1578154975650453
120.0,0.0,0.1589695384040223
120.0,0.0,0.1600600569888145
122.0,0.0,0.1610789379827214
122.0,0.0,0.1621540451652169
123.0,0.0,0.1632492497678126
123.0,0.0,0.1643296018709178
124.0,0.0,0.1654599302588767
125.0,0.0,0.1665524342793526
126.0,0.0,0.1676516427098945
126.0,0.0,0.1687340932070744
127.0,0.0,0.1698704427506653
128.0,0.0,0.1709844032254211
128.0,0.0,0.1720777023261934
130.0,0.0,0.1731161740696076
130.0,0.0,0.1741412048970328
131.0,0.0,0.1752352068449817
132.0,0.0,0.1762622788737931
133.0,0.0,0.177309434302002
133.0,0.0,0.1783726121769254
134.0,0.0,0.1794005490724382
135.0,0.0,0.1804865744637266
136.0,0.0,0.1815608338580503
136.0,0.0,0.1826495839543151
137.0,0.0,0.1837237045459478
137.0,0.0,0.1848448392715361
139.0,0.0,0.1859703596004222
139.0,0.0,0.1870142094271452
140.0,0.0,0.1881190675439767
141.0,0.0,0.1891967063806433
141.0,0.0,0.1902800905796058
142.0,0.0,0.1913260409748582
143.0,0.0,0.1923193820924371
144.0,0.0,0.1934357597000838
144.0,0.0,0.1945300106230944
145.0,0.0,0.1956137653400755
145.0,0.0,0.196707555346644
147.0,0.0,0.1977369929329992
148.0,0.0,0.1987787487598581
148.0,0.0,0.1999079468390897
149.0,0.0,0.2009730809304619
150.0,0.0,0.2021079177557579
150.0,0.0,0.2032231232190752
151.0,0.0,0.2043069520260696
152.0,0.0,0.2053568043896564
153.0,0.0,0.2064540288794522
153.0,0.0,0.2076156808987503
154.0,0.0,0.208754262044416
155.0,0.0,0.2099132659176633
156.0,0.0,0.2110732280006095
157.0,0.0,0.2121677633015223
158.0,0.0,0.2133001494710842
158.0,0.0,0.214392680558991
159.0,0.0,0.2154690373281136
159.0,0.0,0.2166505837278055
161.0,0.0,0.2177909100319119
161.0,0.0,0.2189431626990162
162.0,0.0,0.2201124860585486
162.0,0.0,0.2212903295657627
163.0,0.0,0.2225295384040149
164.0,0.0,0.2236937907993125
165.0,0.0,0.224867354005727
166.0,0.0,0.2260377888740137
166.0,0.0,0.2271558140840976
167.0,0.0,0.2282938639380014
167.0,0.0,0.2294782612063425
168.0,0.0,0.2306579597499108
169.0,0.0,0.2318273172891527
170.0,0.0,0.2329834430224648
171.0,0.0,0.23413212951593
172.0,0.0,0.2352144296359778
172.0,0.0,0.2363627071281067
173.0,0.0,0.2375376127658333
174.0,0.0,0.2386878833042372
175.0,0.0,0.2398275418242489
175.0,0.0,0.2409548033703766
176.0,0.0,0.2420497016919693
177.0,0.0,0.2431722565856247
178.0,0.0,0.2443071516681859
178.0,0.0,0.2453925052888793
179.0,0.0,0.2465500367165446
180.0,0.0,0.2476503617748697
180.0,0.0,0.2487655769326308
181.0,0.0,0.2499046757570661
182.0,0.0,0.2510594049921562
183.0,0.0,0.2522095771817866
184.0,0.0,0.2533649457745066
184.0,0.0,0.254559908854078
185.0,0.0,0.2557756637975646
186.0,0.0,0.2569758264739558
187.0,0.0,0.2581477519535815
188.0,0.0,0.2593156060386116
188.0,0.0,0.2604491907630673
189.0,0.0,0.2615642983306225
189.0,0.0,0.2627037583410416
190.0,0.0,0.2639098086253061
191.0,0.0,0.2650467559853821
192.0,0.0,0.2661353513329549
192.0,0.0,0.2671570207705411
193.0,0.0,0.2681370761738345
194.0,0.0,0.2690341624951554
194.0,0.0,0.2699787135155634
195.0,0.0,0.2708624241771864
196.0,0.0,0.2717310900586333
197.0,0.0,0.2726189728419351
198.0,0.0,0.2733777891684656
199.0,0.0,0.2741407232779584
200.0,0.0,0.2748474953452758
200.0,0.0,0.27555751380549
200.0,0.0,0.2762267456793716
200.0,0.0,0.2767481675915326
200.0,0.0,0.277226430791152
200.0,0.0,0.2777529968062373
200.0,0.0,0.2781497885795503
200.0,0.0,0.2785502345013152
200.0,0.0,0.2789241369679622
200.0,0.0,0.2792323324423784
200.0,0.0,0.2794945873065881
200.0,0.0,0.2796467703005404
200.0,0.0,0.2798153718770201
200.0,0.0,0.2799304865568542
200.0,0.0,0.2801167642754888
200.0,0.0,0.2802839785498778
200.0,0.0,0.2803212519422536
200.0,0.0,0.2802951650093672
200.0,0.0,0.2803166585652801
200.0,0.0,0.2803089036444439
200.0,0.0,0.2803051181679892
200.0,0.0,0.2802581009309057
200.0,0.0,0.2802456223017182
200.0,0.0,0.2802306312486932
200.0,0.0,0.2801475506579663
200.0,0.0,0.2800481750662202
200.0,0.0,0.2800323221816702
200.0,0.0,0.2800289387075258
200.0,0.0,0.2799161000701841
200.0,0.0,0.2799189259552551
200.0,0.0,0.2798630031483964
200.0,0.0,0.2797665996058475
200.0,0.0,0.2797026031166857
200.0,0.0,0.2796535404425594
200.0,0.0,0.2796246272395424
200.0,0.0,0.2796263369951428
200.0,0.0,0.279614622732079
200.0,0.0,0.2797084246754979
200.0,0.0,0.279782443407519
200.0,0.0,0.2798651437857836
200.0,0.0,0.2799148799745987
200.0,0.0,0.2800522994857994
200.0,0.0,0.2801855008040625
200.0,0.0,0.2803817611270596
200.0,0.0,0.2806597339916771
200.0,0.0,0.2809801440802408
200.0,0.0,0.2813557055425615
200.0,0.0,0.2817586532423962
200.0,0.0,0.2822093254886531
201.0,0.0,0.2826797696889747
202.0,0.0,0.2832561359713366
202.0,0.0,0.2838537278986735
203.0,0.0,0.2844661094928205
204.0,0.0,0.2851438049332608
205.0,0.0,0.2858622133230317
205.0,0.0,0.2867240284943832
206.0,0.0,0.287504616684376
207.0,0.0,0.2884057523612882
208.0,0.0,0.2893806032978891
209.0,0.0,0.2903460335228092
210.0,0.0,0.2913476997440146
210.0,0.0,0.2924108583206526
211.0,0.0,0.2935184243130872
211.0,0.0,0.2946615018912882
213.0,0.0,0.2958423102901193
213.0,0.0,0.296945015175847
214.0,0.0,0.2980764937144321
214.0,0.0,0.2992569441210096
215.0,0.0,0.3004642322589063
216.0,0.0,0.3016458064281964
217.0,0.0,0.3028864355704192
217.0,0.0,0.3040544453781157
218.0,0.0,0.3052282180116973
219.0,0.0,0.3063249452988385
220.0,0.0,0.3074551195496708
220.0,0.0,0.3086128165303496
222.0,0.0,0.3098451127091984
222.0,0.0,0.3109637980701351
223.0,0.0,0.3121258577770366
224.0,0.0,0.3133385581099999
224.0,0.0,0.3144270337040109
225.0,0.0,0.3156463879362697
226.0,0.0,0.3168104078914215
227.0,0.0,0.3179789996602044
227.0,0.0,0.3191571064802907
228.0,0.0,0.3203167754195644
228.0,0.0,0.3214706644997246
230.0,0.0,0.3226836251330344
230.0,0.0,0.3237798655914818
231.0,0.0,0.324906527871488
231.0,0.0,0.3260268115245718
232.0,0.0,0.3272414601915856
233.0,0.0,0.3283236596525019
235.0,0.0,0.329480509637779
235.0,0.0,0.3306311956555821
236.0,0.0,0.3317771711023645
236.0,0.0,0.3329211879770387
237.0,0.0,0.3340891710797137
238.0,0.0,0.3352946281455587
239.0,0.0,0.3364026849758378
239.0,0.0,0.3376752273663788
240.0,0.0,0.3388211475910723
241.0,0.0,0.3400341865047508
241.0,0.0,0.3412534639062774
242.0,0.0,0.3424362620444004
243.0,0.0,0.3436875899793479
244.0,0.0,0.3448469951527378
244.0,0.0,0.3460700318013594
245.0,0.0,0.347197867494127
246.0,0.0,0.3483570738408165
247.0,0.0,0.3494783923078258
248.0,0.0,0.3506133703141224
249.0,0.0,0.3517113051257828
249.0,0.0,0.3528558423746445
250.0,0.0,0.3538965132165661
250.0,0.0,0.354950867765933
251.0,0.0,0.3560404654465144
252.0,0.0,0.3571235763437033
253.0,0.0,0.3581574691159064
253.0,0.0,0.3592513290900846
254.0,0.0,0.3603038347414017
255.0,0.0,0.3613660275203999
256.0,0.0,0.3624233451946393
257.0,0.0,0.3635097850234008
257.0,0.0,0.3646073546625772
258.0,0.0,0.3656368380710347
258.0,0.0,0.36670861124823
260.0,0.0,0.3677244471448528
261.0,0.0,0.3688280513940995
261.0,0.0,0.3698469069061155
262.0,0.0,0.3708566502525105
263.0,0.0,0.3719495843846538
263.0,0.0,0.3729795948718675
264.0,0.0,0.3740242448526144
265.0,0.0,0.3749917699834213
266.0,0.0,0.3759844522638805
266.0,0.0,0.3769069144034533
267.0,0.0,0.3778698328161012
267.0,0.0,0.3787726851570375
268.0,0.0,0.3797541465491413
269.0,0.0,0.3807150472037426
270.0,0.0,0.381646893700832
271.0,0.0,0.3826101293573588
271.0,0.0,0.3835931341366287
272.0,0.0,0.3845037980248254
272.0,0.0,0.3854588387052484
274.0,0.0,0.3864104245622326
275.0,0.0,0.3873659688327708
275.0,0.0,0.3882771048720922
276.0,0.0,0.3892386348274704
277.0,0.0,0.3901733171758814
277.0,0.0,0.3910452713537789
278.0,0.0,0.3919357211261406
279.0,0.0,0.3928509761489042
280.0,0.0,0.393679852363541
280.0,0.0,0.3945413284785152
281.0,0.0,0.3953535231601613
282.0,0.0,0.3961708368705511
282.0,0.0,0.3970080727535834
283.0,0.0,0.3978811787582493
284.0,0.0,0.3987111444199855
285.0,0.0,0.3995320124124655
286.0,0.0,0.4003362635846324
287.0,0.0,0.4011168253867117
288.0,0.0,0.4018522686130586
288.0,0.0,0.4027048575505204
289.0,0.0,0.4035151854175162
289.0,0.0,0.4043379107567083
290.0,0.0,0.4050418044575848
291.0,0.0,0.4057908500305309
291.0,0.0,0.4065031260956739
293.0,0.0,0.4072098160999773
293.0,0.0,0.4078141402749302
294.0,0.0,0.4084802477292327
294.0,0.0,0.4090701509886496
296.0,0.0,0.4096698804502455
296.0,0.0,0.4103063659652061
297.0,0.0,0.4108698592719628
297.0,0.0,0.411389080318872
298.0,0.0,0.4118405608733579
299.0,0.0,0.4122954608257916
300.0,0.0,0.4127465614622725
300.0,0.0,0.4131154248340363
300.0,0.0,0.4133962438786352
300.0,0.0,0.4136474149130867
300.0,0.0,0.4139225564338459
300.0,0.0,0.4141644329882414
300.0,0.0,0.4143966581122531
300.0,0.0,0.4145775908174106
300.0,0.0,0.4148069982558577
300.0,0.0,0.4149491981018338
300.0,0.0,0.415115922444401
300.0,0.0,0.4152602096083231
300.0,0.0,0.4153214801467273
300.0,0.0,0.4153369096241785
300.0,0.0,0.4154467587260835
300.0,0.0,0.415513164352485
300.0,0.0,0.4155506678972991
300.0,0.0,0.4156462536410304
300.0,0.0,0.4156956397199904
300.0,0.0,0.4157047928151908
300.0,0.0,0.4157882586468064
300.0,0.0,0.4159082945026582
300.0,0.0,0.4160341919861799
300.0,0.0,0.4161242682053468
300.0,0.0,0.4163116665156142
300.0,0.0,0.4165424885500884
300.0,0.0,0.4168318667013488
300.0,0.0,0.417115932908964
300.0,0.0,0.4173894912908072
302.0,0.0,0.4177027888513407
302.0,0.0,0.417989974427458
303.0,0.0,0.4183215647013034
304.0,0.0,0.4187224731703514
304.0,0.0,0.4191423585358182
305.0,0.0,0.4195394314933031
306.0,0.0,0.4199805049717511
307.0,0.0,0.4204149768963698
307.0,0.0,0.4208587465400762
308.0,0.0,0.4213484451742469
309.0,0.0,0.4219122260752865
310.0,0.0,0.4224078143558818
311.0,0.0,0.422903563115763
311.0,0.0,0.4234360883371723
312.0,0.0,0.4240000873178965
313.0,0.0,0.4246305046546425
313.0,0.0,0.4252086235021814
315.0,0.0,0.4257469587079617
315.0,0.0,0.4263118224647852
316.0,0.0,0.4268629837821422
316.0,0.0,0.4273807076943486
317.0,0.0,0.4279106758702982
318.0,0.0,0.4284703104713083
319.0,0.0,0.4290183945049216
319.0,0.0,0.4295961839225755
320.0,0.0,0.4301624756166116
321.0,0.0,0.4307132332328655
321.0,0.0,0.431215223832879
322.0,0.0,0.4317393701782096
324.0,0.0,0.4322339564655547
324.0,0.0,0.4326317658383603
325.0,0.0,0.4330898213096053
325.0,0.0,0.4334866547826171
326.0,0.0,0.4339455377244731
327.0,0.0,0.4343373726471214
328.0,0.0,0.4347970847357303
329.0,0.0,0.4352388649572529
329.0,0.0,0.4356277756234061
330.0,0.0,0.436068250016937
330.0,0.0,0.4364535030464506
331.0,0.0,0.4369624926951402
332.0,0.0,0.4374272391446634
333.0,0.0,0.4379090081541539
334.0,0.0,0.4383301683616332
335.0,0.0,0.4387848228951446
335.0,0.0,0.4392977212620384
336.0,0.0,0.4398063567690713
337.0,0.0,0.4402448178214168
338.0,0.0,0.4406000233073847
338.0,0.0,0.4409745008493448
339.0,0.0,0.4413598961697371
340.0,0.0,0.4417686000135388
340.0,0.0,0.4421507035719432
341.0,0.0,0.442588440304372
342.0,0.0,0.442981037124232
343.0,0.0,0.4433147037984488
343.0,0.0,0.4437454266007771
344.0,0.0,0.4440432862125464
344.0,0.0,0.4443599886973138
346.0,0.0,0.4446866876259419
347.0,0.0,0.4449919298284833
347.0,0.0,0.4452178726357947
348.0,0.0,0.445502523975576
349.0,0.0,0.4457531128224354
349.0,0.0,0.4460631059593128
351.0,0.0,0.4462887866315817
350.0,0.0,0.4464354369294367
351.0,0.0,0.4466079765566082
350.0,0.0,0.4467328667692971
350.0,0.0,0.4468295008719948
350.0,0.0,0.4469566782259552
350.0,0.0,0.4471202377629775
350.0,0.0,0.4472785174975128
351.0,0.0,0.4473489146752518
350.0,0.0,0.4474382660761895
350.0,0.0,0.4474828925456452
351.0,0.0,0.4475126828466713
351.0,0.0,0.4475725690728599
351.0,0.0,0.4475877122244601
350.0,0.0,0.4475526384742054
350.0,0.0,0.4475302979228905
350.0,0.0,0.4475692836983327
350.0,0.0,0.4475555701147861
351.0,0.0,0.4475918742892861
351.0,0.0,0.4475414273029445
350.0,0.0,0.4475542078868762
351.0,0.0,0.4476142132097599
350.0,0.0,0.4476404450383404
350.0,0.0,0.4476419419238871
351.0,0.0,0.4476742415229721
350.0,0.0,0.4477108487847447
350.0,0.0,0.4476964609390404
351.0,0.0,0.4477463072775757
350.0,0.0,0.4477398551948559
351.0,0.0,0.4477700705791229
350.0,0.0,0.4477726907517201
350.0,0.0,0.4477407989761419
350.0,0.0,0.4477411762666809
350.0,0.0,0.4477166759382477
350.0,0.0,0.4477671647601914
350.0,0.0,0.4478246914085866
351.0,0.0,0.4478461186889327
350.0,0.0,0.4478123559083488
351.0,0.0,0.4478516153253231
351.0,0.0,0.4478193932591383
350.0,0.0,0.4477772391673128
350.0,0.0,0.4476872533012682
350.0,0.0,0.4475484012774399
350.0,0.0,0.4474392094044643
350.0,0.0,0.4472505423904889
350.0,0.0,0.4470418957620262
350.0,0.0,0.4468091745905387
350.0,0.0,0.4466416561643004
351.0,0.0,0.4464622378082787
350.0,0.0,0.4463463680490543
351.0,0.0,0.4461636916577431
350.0,0.0,0.445998567396718
350.0,0.0,0.4459369571224195
350.0,0.0,0.4459464226369272
350.0,0.0,0.4460066776370405
350.0,0.0,0.4462046349633672
350.0,0.0,0.4463898711182065
350.0,0.0,0.4466383359984982
351.0,0.0,0.4469822173321637
351.0,0.0,0.4474887215111938
351.0,0.0,0.4480459636684339
351.0,0.0,0.4487757678769098
350.0,0.0,0.4495792890665175
351.0,0.0,0.450450610206294
351.0,0.0,0.4514901241024184
351.0,0.0,0.4526212558834327
351.0,0.0,0.453921879521567
350.0,0.0,0.4552608319553706
351.0,0.0,0.4568214729891423
351.0,0.0,0.458465489637311
350.0,0.0,0.4601716257219332
350.0,1.0,0.4620173230423705
351.0,1.0,0.4639127390653833
350.0,2.0,0.4659450954947473
351.0,3.0,0.4681339956736865
350.0,3.0,0.4704097119300001
350.0,4.0,0.4727364523997727
350.0,4.0,0.4752481217241058
350.0,6.0,0.4777791453713004
351.0,6.0,0.480436792090365
350.0,7.0,0.483125952660253
351.0,7.0,0.4858763181045437
350.0,9.0,0.4886792099933743
351.0,9.0,0.4914946896191865
350.0,10.0,0.4944143165416533
351.0,11.0,0.4973263552741271
350.0,12.0,0.5001626641372947
350.0,12.0,0.503058369294829
350.0,13.0,0.5059177469930778
351.0,14.0,0.5087246233209671
351.0,15.0,0.5115043810731243
351.0,15.0,0.5142678575278568
350.0,16.0,0.5170426356881771
350.0,17.0,0.5198400734557367
350.0,17.0,0.5226126618042835
351.0,18.0,0.5253688196334525
351.0,20.0,0.528132897166352
351.0,20.0,0.5309262392352548
351.0,21.0,0.5337352462795817
350.0,21.0,0.5365519905093488
351.0,22.0,0.5392720481097469
350.0,23.0,0.5420212436294639
351.0,24.0,0.5448068829417924
350.0,25.0,0.5475666387006994
351.0,25.0,0.5503600114837746
351.0,26.0,0.5531805522208239
350.0,26.0,0.5559689752202118
351.0,27.0,0.5588249306891916
351.0,28.0,0.5618053986273099
350.0,29.0,0.5648295452670975
351.0,29.0,0.5678138505061741
350.0,30.0,0.5709274376315898
350.0,31.0,0.5739700481323936
350.0,32.0,0.5770101392782856
351.0,33.0,0.5800354275520851
351.0,34.0,0.5830042151803437
350.0,34.0,0.5860331453259865
350.0,35.0,0.5889485916554614
351.0,36.0,0.5918465958005154
351.0,36.0,0.5946474218894411
350.0,37.0,0.5973513605743487
351.0,42.0,0.6000757876281888
351.0,43.0,0.6027495679403132
350.0,43.0,0.6053170555617767
351.0,44.0,0.6077512603455768
350.0,45.0,0.6101039577339658
350.0,45.0,0.612296718430697
351.0,47.0,0.6144985298194032
350.0,48.0,0.6164995283018148
350.0,48.0,0.6183542304015224
351.0,49.0,0.6200993498832772
350.0,50.0,0.6217084595799859
350.0,50.0,0.6232173511970099
351.0,50.0,0.6246120456408251
350.0,50.0,0.6259063041064753
350.0,50.0,0.6269896991550605
351.0,50.0,0.6279617044326432
351.0,50.0,0.6288610255497693
351.0,50.0,0.6295902521007669
350.0,50.0,0.6302853618654273
351.0,50.0,0.6308591170127691
351.0,50.0,0.6313750049151
351.0,50.0,0.6317116672404074
351.0,50.0,0.6320509840539251
351.0,50.0,0.6322545108382238
350.0,50.0,0.6323403324196866
350.0,50.0,0.6324314724908092
351.0,50.0,0.6324186813064111
350.0,50.0,0.6323864998526975
351.0,50.0,0.6322772001856609
350.0,50.0,0.6320694661713004
350.0,50.0,0.6319188909827345
351.0,50.0,0.6317420709641609
350.0,50.0,0.631624190083507
350.0,50.0,0.6315531923938649
350.0,50.0,0.6314543690003566
350.0,50.0,0.6313901623139085
351.0,50.0,0.6313237444561994
351.0,50.0,0.6313762693378502
350.0,50.0,0.6313150396610738
351.0,50.0,0.6313595959137636
350.0,50.0,0.6314219459330166
350.0,50.0,0.6313707695530305
350.0,50.0,0.6313478732246879
350.0,50.0,0.6313747743549514
350.0,50.0,0.63138462162216
350.0,50.0,0.6313802262338161
351.0,50.0,0.6313992600511167
350.0,50.0,0.6313940781896928
350.0,50.0,0.6314030490384096
351.0,50.0,0.6314731591881299
350.0,50.0,0.6315132639243641
350.0,50.0,0.6315960846224545
351.0,50.0,0.6315892530747411
351.0,50.0,0.6316640546331003
351.0,50.0,0.6317072527349826
350.0,50.0,0.6317591448503193
351.0,50.0,0.6319075210762812
350.0,50.0,0.6319792248294808
351.0,50.0,0.6320483782191385
351.0,50.0,0.6321218790458842
351.0,50.0,0.6321613087271906
351.0,50.0,0.6321409718905693
351.0,50.0,0.6321977034586681
350.0,50.0,0.6322431717138948
350.0,50.0,0.632131534190961
351.0,50.0,0.6320531170580702
351.0,50.0,0.6319455514733457
351.0,50.0,0.6317815612130908
350.0,50.0,0.6315913955468242
351.0,50.0,0.6314100824253492
350.0,50.0,0.6312857235044225
350.0,50.0,0.6312179644158814
350.0,50.0,0.6312041182132494
350.0,50.0,0.6311409935671645
350.0,50.0,0.6311359608823925
351.0,50.0,0.6311709519807187
351.0,50.0,0.6312820480417846
351.0,50.0,0.631442384198889
351.0,50.0,0.6316949633060034
350.0,50.0,0.6320340314615676
350.0,50.0,0.6324149370992942
350.0,50.0,0.6328998946974278
350.0,50.0,0.6336050753583713
351.0,50.0,0.6343627283063429
350.0,50.0,0.6352507022808382
350.0,50.0,0.6361574967722197
350.0,50.0,0.6372233975853749
350.0,50.0,0.6384229625811845
351.0,50.0,0.6397690725497
350.0,51.0,0.6413327035039682
350.0,52.0,0.6428799590929962
351.0,53.0,0.6445491937302471
350.0,54.0,0.646393526421814
350.0,54.0,0.6483682352940419
351.0,55.0,0.6503643352736562
351.0,56.0,0.6525113044915318
351.0,56.0,0.6548144297718324
351.0,57.0,0.6571425695031963
351.0,58.0,0.6595939034178939
350.0,59.0,0.6622178057939384
351.0,59.0,0.6648878938140519
351.0,60.0,0.6676515372487838
351.0,61.0,0.6704781746584645
350.0,61.0,0.6734256004438726
351.0,62.0,0.6764121696979889
350.0,64.0,0.6794305616887473
351.0,64.0,0.6825403699516747
350.0,65.0,0.6855884430450625
351.0,65.0,0.6886690039864198
351.0,66.0,0.6917506371377934
350.0,67.0,0.6947964278465294
350.0,68.0,0.6978420134543569
351.0,68.0,0.7009849229426801
350.0,69.0,0.7040044791953697
350.0,70.0,0.7070152636298977
351.0,70.0,0.7100755549615244
351.0,71.0,0.7131616533555988
351.0,72.0,0.7161592595301436
350.0,73.0,0.7192433155903032
350.0,73.0,0.7224012027451648
351.0,75.0,0.725543656413424
350.0,75.0,0.7286471858251884
351.0,76.0,0.731748088291835
350.0,77.0,0.7348649059320985
351.0,78.0,0.7379850137941107
350.0,78.0,0.7410425185394047
351.0,79.0,0.7442006667420817
350.0,79.0,0.7473173570861436
351.0,80.0,0.7504357024393787
351.0,81.0,0.7536023840856219
350.0,82.0,0.7568557877640739
350.0,83.0,0.7602383189878837
350.0,83.0,0.7636460367391348
351.0,84.0,0.7670631324151407
350.0,84.0,0.7704956965955296
350.0,86.0,0.7739693692494961
350.0,87.0,0.7774756619175064
350.0,87.0,0.7810340336360047
350.0,88.0,0.7845308827152587
350.0,89.0,0.7879167076037041
350.0,89.0,0.7912898172098104
351.0,90.0,0.7946451503770392
350.0,91.0,0.7979043581280638
351.0,92.0,0.8010689514144347
350.0,92.0,0.8041181569230528
350.0,93.0,0.8071551285871897
350.0,94.0,0.8100730229902339
351.0,94.0,0.8128115348704571
351.0,95.0,0.8155325843393009
350.0,96.0,0.8181261162199774
350.0,97.0,0.8206291549298007
351.0,98.0,0.8229747171622406
350.0,98.0,0.8252472861445501
351.0,99.0,0.8273194245848319
350.0,100.0,0.8292480829236388
350.0,100.0,0.8310855097509731
351.0,100.0,0.8327815189018034
350.0,100.0,0.8343396822350609
351.0,100.0,0.8357865247456499
350.0,100.0,0.8370929326144575
350.0,100.0,0.8382021279303197
351.0,100.0,0.839275953362379
350.0,100.0,0.8402636462206543
351.0,100.0,0.8410876199006925
350.0,100.0,0.8418228448434996
350.0,100.0,0.8424393507666235
351.0,100.0,0.8429371123467272
351.0,100.0,0.8432777490315897
351.0,100.0,0.8436419720264481
351.0,100.0,0.8439219590929727
351.0,100.0,0.8440956230264706
351.0,100.0,0.8441520565130728
350.0,100.0,0.8441857299824604
351.0,100.0,0.8441240192981868
350.0,100.0,0.8440228012864539
351.0,100.0,0.8439565071688069
350.0,100.0,0.8439677552831468
350.0,100.0,0.8439721056874596
351.0,100.0,0.8440083865318726
350.0,100.0,0.8441274128744853
351.0,100.0,0.8442827788397393
351.0,100.0,0.8444364921967803
350.0,100.0,0.8445662818862408
350.0,100.0,0.8447758058165677
351.0,100.0,0.8449262748419136
350.0,100.0,0.8451105953474743
351.0,100.0,0.8452851305124838
351.0,100.0,0.8454419199301377
351.0,100.0,0.8455825748034076
350.0,100.0,0.8458075867402578
350.0,100.0,0.8460338451832577
350.0,100.0,0.8461592772202232
351.0,100.0,0.846277668372911
350.0,100.0,0.8463726846586703
350.0,100.0,0.8464813518765011
350.0,100.0,0.8465716600148505
351.0,100.0,0.846709491086902
351.0,100.0,0.8467898998390823
351.0,100.0,0.8469898351264046
350.0,100.0,0.8471151938661269
351.0,100.0,0.847234593512778
351.0,100.0,0.8472826123807025
351.0,100.0,0.8473404027723309
350.0,100.0,0.8473860801149661
350.0,100.0,0.8475512923508037
351.0,100.0,0.8476594789461966
351.0,100.0,0.847702838206882
351.0,100.0,0.8478229714601833
350.0,100.0,0.8478490425150202
350.0,100.0,0.847905082425324
350.0,100.0,0.8479543700649081
351.0,100.0,0.8481164112209933
350.0,100.0,0.8482693739381554
351.0,100.0,0.8484168497133713
351.0,100.0,0.8484809269518139
350.0,100.0,0.8485662529388123
351.0,100.0,0.8485997835737077
350.0,100.0,0.8486921954290159
351.0,100.0,0.8488043295203884
351.0,100.0,0.8488568458174732
350.0,100.0,0.8489139482886504
351.0,100.0,0.8489507126094731
350.0,100.0,0.849039921515677
350.0,100.0,0.8490886718837487
351.0,100.0,0.8491446608302708
350.0,100.0,0.8492253813901928
350.0,100.0,0.849302030782025
350.0,100.0,0.8494147495752027
350.0,100.0,0.849413346485665
350.0,100.0,0.8494592680240918
351.0,100.0,0.8495373222269048
350.0,100.0,0.8496637219868088
351.0,100.0,0.849718413327496
351.0,100.0,0.8498363473690371
350.0,100.0,0.8498943854219941
351.0,100.0,0.8499430069536257
350.0,100.0,0.8499786707512202
351.0,100.0,0.8500075032502575
350.0,100.0,0.8501215564564457
351.0,100.0,0.8501887200841609
350.0,100.0,0.8502022467325561
351.0,100.0,0.8501572912182748
350.0,100.0,0.850207987157028
351.0,100.0,0.8502027189969337
350.0,100.0,0.8502672674578273
351.0,100.0,0.8502614619809196
350.0,100.0,0.8503399169629122
350.0,100.0,0.8503098338353217
351.0,100.0,0.8503634420484182
351.0,100.0,0.850335916034239
350.0,100.0,0.8503230105097651
350.0,100.0,0.8503253473916876
350.0,100.0,0.8503651227433378
351.0,100.0,0.8504091068879389
350.0,100.0,0.850438836394836
351.0,100.0,0.8503959200433899
351.0,100.0,0.850473984937272
350.0,100.0,0.8505305545311472
350.0,100.0,0.8505710361049088
350.0,100.0,0.8506282995536845
350.0,100.0,0.8507086939454035
350.0,100.0,0.8508167847741878
350.0,100.0,0.8509077766652838
350.0,100.0,0.850942101247947
350.0,100.0,0.851001653219679
351.0,100.0,0.8510475433644162
351.0,100.0,0.8510881207500876
351.0,100.0,0.8512128954448711
351.0,100.0,0.8512673769280303
351.0,100.0,0.8513537050441825
351.0,100.0,0.851447046139111
350.0,100.0,0.8514694402816738
350.0,100.0,0.851524183469515
351.0,100.0,0.8515590649843852
351.0,100.0,0.8516168056353625
351.0,100.0,0.8517168060883739
351.0,100.0,0.851774362680822
351.0,100.0,0.8518126727671207
350.0,100.0,0.8518352812746747
351.0,100.0,0.8518860419034543
350.0,100.0,0.8519700453689916
351.0,100.0,0.8519920149492766
351.0,100.0,0.8520218470406036
350.0,100.0,0.8520098013091035
351.0,100.0,0.8520308506193937
350.0,100.0,0.8520534061472651
350.0,100.0,0.8521213624316657
350.0,100.0,0.8522284236561555
350.0,100.0,0.8522330430586336
351.0,100.0,0.8522600559694582
350.0,100.0,0.8522102578992868
350.0,100.0,0.8522484652879027
351.0,100.0,0.8522893258736463
351.0,100.0,0.8522338130873996
351.0,100.0,0.8522449320708421
351.0,100.0,0.8522981298782668
351.0,100.0,0.8523786569117217
351.0,100.0,0.8523881204782805
351.0,100.0,0.852447080658579
350.0,100.0,0.852442710435018
351.0,100.0,0.8524600935241027
350.0,100.0,0.8524416431175248
351.0,100.0,0.8525551761760314
350.0,100.0,0.8525974875987137
350.0,100.0,0.852659679856749
351.0,100.0,0.852685799225251
350.0,100.0,0.8527735627533037
350.0,100.0,0.8527750033974859
351.0,100.0,0.8527927409000341
350.0,100.0,0.8528599834649846
351.0,100.0,0.8529005478492289
351.0,100.0,0.8529537034812931
350.0,100.0,0.8530043882306645
351.0,100.0,0.8530385413938164
350.0,100.0,0.853095564361494
350.0,100.0,0.8531231237852636
351.0,100.0,0.8532024197376068
351.0,100.0,0.8532712453735217
351.0,100.0,0.8532795695937757
350.0,100.0,0.8533142408887088
350.0,100.0,0.8533437281251127
351.0,100.0,0.8533783948219801
351.0,100.0,0.8533995959363881
351.0,100.0,0.8533896241816485
350.0,100.0,0.8533834031347391
350.0,100.0,0.8534395290266054
350.0,100.0,0.8534702105369454
350.0,100.0,0.8534933722620128
350.0,100.0,0.8534938335861652
350.0,100.0,0.8533801318035654
351.0,100.0,0.8533021537972684
350.0,100.0,0.8531011061857711
351.0,100.0,0.8530029624905571
350.0,100.0,0.8528261022898731
351.0,100.0,0.8527209407233596
351.0,100.0,0.8525873103353555
351.0,100.0,0.8524337676277063
350.0,100.0,0.852277142879694
350.0,100.0,0.8521254809394462
351.0,100.0,0.8520867537202568
350.0,100.0,0.8520549221725433
350.0,100.0,0.8521995207591477
351.0,100.0,0.8523170660489615
350.0,100.0,0.8525278570521554
351.0,100.0,0.852852460848391
351.0,100.0,0.8533214671678996
351.0,100.0,0.8537618426237423
351.0,100.0,0.8543531201158711
350.0,100.0,0.855027351129031
351.0,100.0,0.8557832562684451
351.0,100.0,0.8567188585697431
350.0,100.0,0.8577322975830841
351.0,100.0,0.8589231811138548
351.0,100.0,0.8601546107498599
351.0,101.0,0.8615898461119291
351.0,101.0,0.8630695148473477
350.0,102.0,0.8647865853812213
350.0,104.0,0.8666135163875861
350.0,104.0,0.8685975367730985
351.0,105.0,0.8706407369135317
351.0,106.0,0.8727686497314887
350.0,106.0,0.8751021526420868
350.0,107.0,0.8775318945388451
350.0,108.0,0.8800274049241311
350.0,109.0,0.8826344251510895
350.0,109.0,0.8854802639243343
351.0,110.0,0.8883806154838257
350.0,111.0,0.8913805203061317
351.0,111.0,0.8944987627125277
351.0,112.0,0.897632256449645
351.0,113.0,0.9009515615754684
351.0,114.0,0.9042932894741748
350.0,115.0,0.9076831402522214
351.0,115.0,0.9111063740060998
350.0,116.0,0.9146176857685404
350.0,117.0,0.918105559650168
350.0,118.0,0.921549703594538
351.0,119.0,0.9249734334185424
351.0,119.0,0.9284306667647108
350.0,120.0,0.931961174816988
351.0,120.0,0.9355517964845224
351.0,122.0,0.9391484575187472
351.0,122.0,0.9428137765746708
350.0,123.0,0.9463781639447127
350.0,123.0,0.9499922960881356
350.0,124.0,0.9536411344536702
351.0,125.0,0.9572775825951904
351.0,126.0,0.960969238102676
351.0,127.0,0.964668464880179
351.0,128.0,0.9683623756369344
351.0,128.0,0.9720643510384152
351.0,129.0,0.97580462003658
350.0,130.0,0.979407375002717
350.0,130.0,0.9830737833018854
351.0,131.0,0.9867788086025712
351.0,132.0,0.9905109469975514
351.0,133.0,0.9942284267819176
351.0,133.0,0.998012094769867
350.0,134.0,1.0017547535616853
350.0,134.0,1.005553579378804
350.0,136.0,1.009319928854443
350.0,137.0,1.0130109984822937
350.0,137.0,1.016675090919268
351.0,138.0,1.0203194604180104
350.0,139.0,1.0238307928604211
350.0,139.0,1.0271918542661147
351.0,141.0,1.030578015787327
350.0,141.0,1.033737350766601
351.0,142.0,1.0368260583024451
351.0,142.0,1.0397025828216866
351.0,143.0,1.0425981056194846
351.0,144.0,1.0453383941650911
351.0,145.0,1.0479223557270745
351.0,145.0,1.050388033703925
351.0,146.0,1.05276201879985
350.0,147.0,1.0549717934719829
351.0,147.0,1.0569902308544827
351.0,148.0,1.0588359790027984
351.0,150.0,1.0605381435591867
350.0,150.0,1.062130821468086
351.0,150.0,1.0635988700309071
351.0,150.0,1.064861225169189
350.0,150.0,1.065989579152291
351.0,150.0,1.0670358219437477
351.0,150.0,1.0680016752360078
351.0,150.0,1.068763994858196
350.0,150.0,1.069463890416419
351.0,150.0,1.0700837003781396
351.0,150.0,1.0705795556409994
350.0,150.0,1.0708866290288452
351.0,150.0,1.0710650853925228
351.0,150.0,1.0710554903167564
351.0,150.0,1.0709211758815484
350.0,150.0,1.0707392801421207
351.0,150.0,1.07057851987575
351.0,150.0,1.070366826904222
351.0,150.0,1.0701888190444742
351.0,150.0,1.0699795162063577
350.0,150.0,1.0698831741601051
350.0,150.0,1.0698162806857343
351.0,150.0,1.06978499900325
350.0,150.0,1.0698716653830098
351.0,150.0,1.070062952003318
351.0,150.0,1.0704518457494958
351.0,150.0,1.0708524435659807
350.0,150.0,1.0714505882578194
350.0,150.0,1.0720855956419053
350.0,150.0,1.0728154761374995
350.0,150.0,1.0735942259619575
351.0,150.0,1.0744990102152816
351.0,150.0,1.0754413598494748
351.0,150.0,1.076530709211861
350.0,150.0,1.0777305059003477
350.0,151.0,1.0790117497110794
351.0,152.0,1.0803092301976132
350.0,153.0,1.0817757081019823
351.0,153.0,1.0833675775893998
350.0,155.0,1.0849617278306285
351.0,155.0,1.086780250084813
350.0,156.0,1.0885482792360957
351.0,156.0,1.0904585095470878
351.0,158.0,1.092316909397594
351.0,158.0,1.094260733561221
351.0,159.0,1.0962297408773551
351.0,159.0,1.098229986771939
351.0,160.0,1.1002525382453583
351.0,161.0,1.1023521193910242
350.0,162.0,1.1044448337446895
351.0,162.0,1.106601793041616
351.0,163.0,1.108784374730895
350.0,164.0,1.1108375802848145
351.0,164.0,1.1129472926905315
350.0,165.0,1.1150588869508766
350.0,167.0,1.1171810858908298
351.0,167.0,1.1191710696730215
351.0,168.0,1.1210187985683533
351.0,169.0,1.1228786960065735
351.0,169.0,1.124616045459562
351.0,170.0,1.1261922424968671
351.0,171.0,1.1277125908626284
351.0,172.0,1.1292287140590769
351.0,172.0,1.13066798853868
351.0,173.0,1.132181532854519
351.0,173.0,1.1336891810232204
351.0,174.0,1.1351525811908345
351.0,175.0,1.1365572376496442
351.0,176.0,1.1379876441820682
351.0,177.0,1.139242168723961
351.0,178.0,1.140555397698569
351.0,178.0,1.1417070647578456
351.0,179.0,1.142913522322003
350.0,180.0,1.1440688932024303
350.0,181.0,1.1451763727829418
351.0,181.0,1.1462349345850211
350.0,182.0,1.1471694749370107
351.0,183.0,1.1481747590657565
351.0,183.0,1.1490644275293682
350.0,184.0,1.1499466058346526
351.0,185.0,1.1508700884276897
350.0,186.0,1.1517021336835276
351.0,186.0,1.152570893338333
350.0,187.0,1.1533862185099109
350.0,188.0,1.154206279553196
351.0,189.0,1.1549162222699054
350.0,190.0,1.1556222337763946
350.0,191.0,1.1563373605289824
351.0,191.0,1.1569475635460382
351.0,192.0,1.157529457178963
351.0,192.0,1.1580558236425291
350.0,193.0,1.1585263802349777
351.0,194.0,1.1589466220524596
351.0,195.0,1.1593518622844012
351.0,195.0,1.1597244809847114
350.0,196.0,1.1600558970983266
351.0,197.0,1.160417375727514
350.0,197.0,1.1606747952613656
351.0,199.0,1.1609817764160912
351.0,199.0,1.161261425309611
351.0,200.0,1.1614998984120597
351.0,200.0,1.1616991381456887
351.0,200.0,1.161811732383384
350.0,200.0,1.1619916007156224
350.0,200.0,1.1621617894175185
350.0,200.0,1.1623610800016764
350.0,200.0,1.162504601938753
351.0,200.0,1.1626004153207097
351.0,200.0,1.1627961494709735
350.0,200.0,1.1628613651043969
351.0,200.0,1.1630007688281505
351.0,200.0,1.163175165983239
351.0,200.0,1.16329030598641
351.0,200.0,1.163428814740855
351.0,200.0,1.1635692040135452
351.0,200.0,1.1637078101201386
351.0,200.0,1.1637544004845863
351.0,200.0,1.163832986477474
351.0,200.0,1.1639759463406647
351.0,201.0,1.1641082593262362
350.0,202.0,1.1643226779087636
351.0,202.0,1.1645217193819564
351.0,203.0,1.1648275179730911
351.0,204.0,1.1650155576342385
350.0,205.0,1.1652571777841854
351.0,206.0,1.165492252644318
351.0,206.0,1.1657150554937596
351.0,207.0,1.1659692216356878
351.0,208.0,1.1662443000293097
351.0,209.0,1.166450710933294
351.0,210.0,1.1667123148654326
351.0,210.0,1.166847731296156
351.0,211.0,1.1670622265282111
350.0,211.0,1.16717922689062
351.0,212.0,1.1672671472738676
351.0,213.0,1.1672911919634417
351.0,214.0,1.1674036243854669
350.0,214.0,1.1674940614282086
351.0,215.0,1.1675506157556
350.0,216.0,1.167592633581598
351.0,217.0,1.167602451697524
351.0,218.0,1.167641682755985
351.0,219.0,1.1681835736708417
351.0,219.0,1.1681874968627597
350.0,220.0,1.1679464972931206
350.0,220.0,1.167683822963011
350.0,220.0,1.1673864616184737
351.0,220.0,1.1670138373914245
351.0,220.0,1.1667371032864615
351.0,220.0,1.1664709278351488
351.0,220.0,1.1661705547349654
351.0,220.0,1.165919192529706
351.0,220.0,1.165693930213459
351.0,220.0,1.1655389685382225
350.0,220.0,1.165453224444359
350.0,220.0,1.1652779468163263
350.0,220.0,1.1650944794218214
350.0,220.0,1.1649274333279125
350.0,220.0,1.1647695282111483
350.0,220.0,1.1646615463995562
350.0,220.0,1.164639686719835
350.0,220.0,1.1645659006544655
351.0,220.0,1.164559570771569
351.0,220.0,1.164653060748692
351.0,220.0,1.1646043991708532
350.0,220.0,1.1645986194249929
351.0,220.0,1.164583001630705
351.0,220.0,1.1647651452806178
194.0,220.0,1.1650012020429454
350.0,220.0,1.165375523341276
351.0,220.0,1.1658374330334549
351.0,220.0,1.166441594849125
351.0,220.0,1.1671244312667102
350.0,220.0,1.1678513486600826
351.0,220.0,1.168720731703866
350.0,220.0,1.1695852734375405
350.0,220.0,1.17059945831149
350.0,220.0,1.1715897174340069
351.0,220.0,1.1726636264466683
351.0,220.0,1.1737379209720251
351.0,220.0,1.1749051376926758
351.0,220.0,1.1760904693196663
350.0,220.0,1.1772905391740227
351.0,220.0,1.1785463037666524
351.0,220.0,1.1798736943304249
351.0,220.0,1.1812955266029563
350.0,220.0,1.1826580406349838
350.0,220.0,1.18396085798079
351.0,220.0,1.185296714919792
350.0,220.0,1.1865074275746652
351.0,220.0,1.1877262044212529
351.0,220.0,1.1889075061268402
351.0,220.0,1.190074050533282
351.0,220.0,1.1904757948763025
351.0,220.0,1.191148797299913
351.0,220.0,1.1919182047610106
350.0,220.0,1.192660866565355
351.0,220.0,1.1934157383178297
350.0,220.0,1.1941365666718122
351.0,220.0,1.194805178191892
351.0,220.0,1.1954302051234191
351.0,220.0,1.1959968999522943
350.0,220.0,1.1965634156831146
351.0,220.0,1.1969615298193352
351.0,220.0,1.1973803515140509
351.0,220.0,1.1976439603387126
351.0,220.0,1.1979193162924149
350.0,220.0,1.198148073478308
350.0,220.0,1.1983421598675803
350.0,220.0,1.1985736903439224
350.0,220.0,1.1986818859315913
350.0,220.0,1.1987582486578137
350.0,220.0,1.1988036323811144
351.0,220.0,1.198739591972498
350.0,220.0,1.1986089211305766
351.0,220.0,1.1986904259438225
350.0,221.0,1.1988644144373333
351.0,222.0,1.199077253482385
350.0,222.0,1.199334173865633
351.0,223.0,1.1996522085210042
350.0,224.0,1.199928765294657
350.0,225.0,1.2002903485015248
350.0,225.0,1.2005720133410456
351.0,226.0,1.2009094401910307
351.0,227.0,1.2012667733129585
351.0,228.0,1.2016420034427466
351.0,228.0,1.2020802205484566
350.0,230.0,1.202461067249401
350.0,230.0,1.2029050947471924
351.0,231.0,1.2032904208247932
351.0,231.0,1.2037465913382814
351.0,232.0,1.2041160579400167
351.0,233.0,1.204542734104822
351.0,234.0,1.2049732029036624
350.0,235.0,1.205366903508433
351.0,235.0,1.205706519988987
351.0,236.0,1.206028398989644
351.0,236.0,1.206378278918974
351.0,237.0,1.2066926196288428
351.0,239.0,1.2069877008764365
350.0,239.0,1.2073098914356788
351.0,240.0,1.2076300867062395
350.0,241.0,1.2078961430155557
351.0,241.0,1.2081180340889663
351.0,242.0,1.2082676401049577
350.0,243.0,1.2084450488797884
350.0,244.0,1.2086997096422063
350.0,244.0,1.2089640939091209
350.0,245.0,1.2091317952840102
351.0,246.0,1.2093059866813238
350.0,246.0,1.2095260577814622
351.0,247.0,1.2096322286120589
351.0,248.0,1.209784241590835
351.0,249.0,1.209901236109397
351.0,249.0,1.2100832646491146
351.0,250.0,1.2102035808737177
351.0,250.0,1.2102803221362604
351.0,250.0,1.210374584339255
350.0,250.0,1.2105226499353046
351.0,250.0,1.21062698930879
351.0,250.0,1.2106894109038429
351.0,250.0,1.2107283439034582
351.0,250.0,1.2106875113364686
351.0,250.0,1.2106490015400977
351.0,250.0,1.210626555799537
351.0,250.0,1.2107449091937248
350.0,250.0,1.2107299435319885
351.0,250.0,1.2107087434595067
351.0,250.0,1.210728813766875
351.0,250.0,1.210703240888667
351.0,250.0,1.2107293662142689
350.0,250.0,1.210813516002486
351.0,250.0,1.210770432104776
351.0,250.0,1.2108701237399209
351.0,250.0,1.210953986681324
351.0,250.0,1.211038776393435
351.0,250.0,1.2110224341206768
350.0,250.0,1.2110290686084342
350.0,250.0,1.2109916011006765
350.0,250.0,1.2110468672448698
351.0,250.0,1.211100620806672
351.0,250.0,1.211049585539735
351.0,250.0,1.2111206748509311
351.0,250.0,1.211199141475317
351.0,250.0,1.2112027888285977
351.0,250.0,1.2112176840697129
351.0,250.0,1.2112969691724331
350.0,250.0,1.2113431394367655
351.0,250.0,1.2114047363698783
351.0,250.0,1.21145818186456
351.0,250.0,1.211509476362814
351.0,250.0,1.211558113674807
351.0,250.0,1.2116035876105642
351.0,250.0,1.211645391980111
351.0,250.0,1.211683020593472
351.0,250.0,1.2117159672606728
350.0,250.0,1.2117437257917387
351.0,250.0,1.211765789996695
350.0,250.0,1.2117816536855668
351.0,250.0,1.2117908106683792
351.0,250.0,1.2117927547551577
350.0,250.0,1.211786979755927
351.0,250.0,1.2117729794807128
350.0,250.0,1.2117502477395403
351.0,250.0,1.2117182783424345
350.0,250.0,1.2116765650994208
351.0,250.0,1.2116246018205243
351.0,250.0,1.21156188231577
351.0,250.0,1.2114879003951835
351.0,250.0,1.2114021498687904
351.0,250.0,1.211304124546615
351.0,250.0,1.211193318238683
351.0,250.0,1.2110692247550192
351.0,250.0,1.2109313379056497
0.0,0.0,0.0004853111676937
0.0,0.0,0.0004327070991817
0.0,0.0,0.0003857651683851
0.0,0.0,0.0003442478608558
0.0,0.0,0.0003079176621461
0.0,0.0,0.0002765370578081
0.0,0.0,0.0002498685333939
0.0,0.0,0.0002276745744555
0.0,0.0,0.0002097176665452
0.0,0.0,0.000195760295215
0.0,0.0,0.0001855649460171
0.0,0.0,0.0001788941045035
0.0,0.0,0.0001755102562264
0.0,0.0,0.0001751758867379
0.0,0.0,0.0001776534815901
0.0,0.0,0.0001827055263352
0.0,0.0,0.0001900945065252
0.0,0.0,0.0001995829077123
0.0,0.0,0.0002109332154485
0.0,0.0,0.000223907915286
0.0,0.0,0.000238269492777
0.0,0.0,0.0002537804334735
0.0,0.0,0.0002702032229276
0.0,0.0,0.0002873003466916
0.0,0.0,0.0003048342903173
0.0,0.0,0.0003225675393571
0.0,0.0,0.0003708981945904
0.0,0.0,0.0003884969730299
0.0,0.0,0.000442343906722
0.0,0.0,0.0004481293623796
0.0,0.0,0.000436846363627
0.0,0.0,0.0004170934517678
0.0,0.0,0.000420678549971
0.0,0.0,0.0004844382343767
0.0,0.0,0.0004978929753016
0.0,0.0,0.0004758089887022
0.0,0.0,0.0004710653752351
0.0,0.0,0.000425870003494
0.0,0.0,0.0004736483594839
0.0,0.0,0.0004099953604171
0.0,0.0,0.000286698340095
0.0,0.0,0.0001823694528134
0.0,0.0,3.409406856915942e-05
0.0,0.0,7.222192291330803e-05
0.0,0.0,0.0001305518813313
0.0,0.0,0.0002537331766313
0.0,0.0,0.0003308007133411
0.0,0.0,0.0003349799099299
0.0,0.0,0.0003292039019162
0.0,0.0,0.0003413339998617
0.0,0.0,0.0002878886300051
0.0,0.0,0.0002459439435615
0.0,0.0,0.0001457830046999
0.0,0.0,3.875475646786539e-05
0.0,0.0,0.0002207503610296
0.0,0.0,0.0004561468428027
0.0,0.0,0.0007112474249631
0.0,0.0,0.0009587468004823
0.0,0.0,0.0011424747956305
0.0,0.0,0.0013742590395726
0.0,0.0,0.0015968563331421
0.0,0.0,0.0018713611745156
0.0,0.0,0.0021611531645901
0.0,0.0,0.0024504225908013
0.0,0.0,0.002728213463206
0.0,0.0,0.00305713872887
0.0,0.0,0.0034192984353594
0.0,0.0,0.0038041934320704
0.0,0.0,0.0040967535248879
0.0,0.0,0.0044184322688187
0.0,0.0,0.0047590777238414
0.0,0.0,0.0051391896294745
0.0,0.0,0.0054228917031296
0.0,0.0,0.0057924783342605
0.0,0.0,0.0060390471694731
0.0,0.0,0.0062797190042553
0.0,0.0,0.0065235373344512
0.0,0.0,0.0067461522118273
0.0,0.0,0.0070322141384847
0.0,0.0,0.007205221069559
0.0,0.0,0.0073674053545938
0.0,0.0,0.0075300756529017
0.0,0.0,0.0076835983827484
0.0,0.0,0.0077597964846306
0.0,0.0,0.0077864345738286
0.0,0.0,0.0078167011710335
0.0,0.0,0.007735789462954
0.0,0.0,0.0076505748035054
0.0,0.0,0.0075798899635316
0.0,0.0,0.0074353034496808
0.0,0.0,0.0072623230877248
0.0,0.0,0.0071007230288333
0.0,0.0,0.0070278615144162
0.0,0.0,0.0069523929647322
0.0,0.0,0.0069272178758287
0.0,0.0,0.006894478561235
0.0,0.0,0.0069812080907826
0.0,0.0,0.0071063282067535
0.0,0.0,0.0071668858864292
0.0,0.0,0.0073011372171501
0.0,0.0,0.0074890456408969
0.0,0.0,0.0076444960927758
0.0,0.0,0.0078668065867847
0.0,0.0,0.0081403266665147
0.0,0.0,0.0083900438062007
0.0,0.0,0.0087914779043682
0.0,0.0,0.0091541484518324
0.0,0.0,0.0095402436748273
0.0,0.0,0.0100180733198928
1.0,0.0,0.0105825737162777
1.0,0.0,0.0111606838659979
2.0,0.0,0.011726299259325
3.0,0.0,0.0124050337493473
4.0,0.0,0.0131496183605502
4.0,0.0,0.0138968642777849
5.0,0.0,0.0146765720627856
6.0,0.0,0.015451055539195
6.0,0.0,0.0162427880586177
6.0,0.0,0.0170226347822127
8.0,0.0,0.0178437437541033
9.0,0.0,0.0187107793834493
9.0,0.0,0.0195599131124124
10.0,0.0,0.0204302089741533
10.0,0.0,0.0213529992298781
12.0,0.0,0.0222562321003847
13.0,0.0,0.0232208467235923
14.0,0.0,0.0241786538539916
14.0,0.0,0.025170839045049
15.0,0.0,0.0261951824729861
15.0,0.0,0.0271517917053582
16.0,0.0,0.0280639093524169
17.0,0.0,0.02897207687603
18.0,0.0,0.0299334452422443
18.0,0.0,0.0308841448503893
19.0,0.0,0.0317746618269912
20.0,0.0,0.0326958523409325
20.0,0.0,0.0335623319893956
21.0,0.0,0.0344900937054026
22.0,0.0,0.0353908633944102
23.0,0.0,0.0362940831502369
23.0,0.0,0.0371960487440215
24.0,0.0,0.0381666554848309
25.0,0.0,0.03916636519513
26.0,0.0,0.0401210718023011
27.0,0.0,0.0410192506058979
28.0,0.0,0.0419319339282834
28.0,0.0,0.0428911359713646
29.0,0.0,0.0438112249428022
30.0,0.0,0.0446656370925676
31.0,0.0,0.0456271062764675
31.0,0.0,0.0464565565924428
31.0,0.0,0.0473436185644013
32.0,0.0,0.0482415468753482
33.0,0.0,0.0491800832181872
34.0,0.0,0.0501159281976883
35.0,0.0,0.051049363179228
35.0,0.0,0.0519819505991015
36.0,0.0,0.0529305099549191
37.0,0.0,0.0538503628621197
38.0,0.0,0.0548085592199079
42.0,0.0,0.0557449819927906
42.0,0.0,0.0567022036286146
43.0,0.0,0.0576804238827539
43.0,0.0,0.05862638039366
44.0,0.0,0.0595352735735734
45.0,0.0,0.0603859382771906
46.0,0.0,0.0613305942603384
46.0,0.0,0.0621789447779039
47.0,0.0,0.0630526499807396
48.0,0.0,0.0639770773743385
48.0,0.0,0.0649178316836092
49.0,0.0,0.0657761182359659
50.0,0.0,0.0666725549615995
51.0,0.0,0.067638507871065
51.0,0.0,0.0685442038777695
51.0,0.0,0.0694875361616263
53.0,0.0,0.0704005587442442
54.0,0.0,0.07136337647511
55.0,0.0,0.0723260015855314
56.0,0.0,0.0732403310833682
56.0,0.0,0.0742310061835968
57.0,0.0,0.0752200447801674
57.0,0.0,0.07623272083172
59.0,0.0,0.0771633244467508
59.0,0.0,0.0781033497247864
60.0,0.0,0.0791701918276652
60.0,0.0,0.0801596135133204
61.0,0.0,0.0811699584814963
61.0,0.0,0.0821323210265142
62.0,0.0,0.0831572903349922
64.0,0.0,0.0841514722870182
64.0,0.0,0.0851888792951043
65.0,0.0,0.086176212371731
65.0,0.0,0.087150941878628
66.0,0.0,0.0881285566603897
67.0,0.0,0.0892260113932261
68.0,0.0,0.0902067404924128
69.0,0.0,0.0911816700264905
70.0,0.0,0.0921539104849379
70.0,0.0,0.0931598822396774
71.0,0.0,0.0942062418401212
72.0,0.0,0.0952308356474554
73.0,0.0,0.0962702870053569
73.0,0.0,0.0973672788964528
74.0,0.0,0.0984021902874242
75.0,0.0,0.0994015898887741
76.0,0.0,0.1004392824072908
76.0,0.0,0.101425686516104
77.0,0.0,0.1023732987157007
78.0,0.0,0.103411432489965
78.0,0.0,0.104465964619798
79.0,0.0,0.1054816259031791
80.0,0.0,0.1063968715259564
81.0,0.0,0.1074383020679844
81.0,0.0,0.1084015405331817
83.0,0.0,0.1094171610002364
83.0,0.0,0.1104145871707044
84.0,0.0,0.1113204748691799
84.0,0.0,0.1123407057917375
85.0,0.0,0.1133500405898075
86.0,0.0,0.1143191942739226
86.0,0.0,0.1152237640263518
87.0,0.0,0.1162526591315635
87.0,0.0,0.1172601196855964
89.0,0.0,0.1182573745951072
90.0,0.0,0.119262895784715
90.0,0.0,0.1202360508731654
91.0,0.0,0.1213037747853716
92.0,0.0,0.1223453416158773
92.0,0.0,0.1234124942354156
94.0,0.0,0.1244535977711694
95.0,0.0,0.1254741997553592
95.0,0.0,0.1265216388140013
95.0,0.0,0.1275989912115641
96.0,0.0,0.1286579633966644
97.0,0.0,0.1297582366304861
98.0,0.0,0.1307910173503211
98.0,0.0,0.1318608065414691
100.0,0.0,0.1328482830868041
100.0,0.0,0.1339587845704163
101.0,0.0,0.1350305670116945
101.0,0.0,0.1361262593943079
102.0,0.0,0.1372226565946973
103.0,0.0,0.1382886996987313
104.0,0.0,0.1393616815782754
104.0,0.0,0.1404595742372257
105.0,0.0,0.1414996168655976
106.0,0.0,0.1426541889510354
107.0,0.0,0.1437379382092291
108.0,0.0,0.144819825364091
109.0,0.0,0.1459474377222416
109.0,0.0,0.1469988184783175
110.0,0.0,0.1480728869509895
111.0,0.0,0.1491912097669082
112.0,0.0,0.1502207671974274
112.0,0.0,0.1512490846678117
113.0,0.0,0.1523311605472199
114.0,0.0,0.1533736432761605
114.0,0.0,0.1545095134204444
115.0,0.0,0.1555832002310176
116.0,0.0,0.1566894664431627
116.0,0.0,0.1576892073885973
117.0,0.0,0.1587689105302313
118.0,0.0,0.1598903969738652
119.0,0.0,0.1609090302837928
120.0,0.0,0.1620004266687618
120.0,0.0,0.1629404022514476
122.0,0.0,0.1639875909986444
122.0,0.0,0.1650535446102776
123.0,0.0,0.166039289678116
123.0,0.0,0.1670433142313334
125.0,0.0,0.1680027384538525
125.0,0.0,0.1690488104826639
126.0,0.0,0.1700709237808132
126.0,0.0,0.1711260510090629
127.0,0.0,0.1721689877233711
128.0,0.0,0.1732102771523501
129.0,0.0,0.1743403833835217
130.0,0.0,0.1754452279779631
130.0,0.0,0.1765706627782982
131.0,0.0,0.1776256335817138
131.0,0.0,0.1787641998912564
133.0,0.0,0.1798078797481046
134.0,0.0,0.1809113378332253
134.0,0.0,0.1819198565312705
135.0,0.0,0.1830059366689858
136.0,0.0,0.1840676468775975
136.0,0.0,0.1851339535663106
137.0,0.0,0.1862359840766277
138.0,0.0,0.1873889899884263
139.0,0.0,0.1885248385467174
139.0,0.0,0.1895796464925371
140.0,0.0,0.1907671289949719
141.0,0.0,0.191819486579515
141.0,0.0,0.1929347303449456
142.0,0.0,0.1940072949103943
143.0,0.0,0.1951048250922783
144.0,0.0,0.1962930781897435
144.0,0.0,0.1973665031144303
144.0,0.0,0.198546598020317
146.0,0.0,0.1996925083014104
147.0,0.0,0.2008290671815661
148.0,0.0,0.2019812535051521
148.0,0.0,0.2031955229563286
149.0,0.0,0.2042285139867029
150.0,0.0,0.2053216811705575
151.0,0.0,0.2064071362884535
152.0,0.0,0.2075134776551888
152.0,0.0,0.2087621694262367
153.0,0.0,0.2098487397902312
153.0,0.0,0.2110230014269612
155.0,0.0,0.2121203006636369
155.0,0.0,0.2133229457065596
155.0,0.0,0.21440099741781
156.0,0.0,0.215552641282903
157.0,0.0,0.21672862406847
158.0,0.0,0.2178018780719581
159.0,0.0,0.2189545285283669
160.0,0.0,0.2200357459964861
161.0,0.0,0.2211287910937702
161.0,0.0,0.2222856760968279
162.0,0.0,0.2234104797390393
162.0,0.0,0.2245553049898943
164.0,0.0,0.2256726766630917
164.0,0.0,0.2268548139934954
165.0,0.0,0.2279881774218855
166.0,0.0,0.2291480569208548
166.0,0.0,0.230337217173635
167.0,0.0,0.2314103636775195
168.0,0.0,0.2325281231964212
169.0,0.0,0.2336477174567667
169.0,0.0,0.2347539372125935
170.0,0.0,0.2358193765430425
170.0,0.0,0.236902657681913
171.0,0.0,0.2379992754082487
173.0,0.0,0.2391640345647414
173.0,0.0,0.2403061289270144
174.0,0.0,0.241474712292436
175.0,0.0,0.2426355681442105
175.0,0.0,0.2436909447552321
177.0,0.0,0.2447858558290955
177.0,0.0,0.2458385971595898
178.0,0.0,0.2470499035538455
178.0,0.0,0.2480445722213124
179.0,0.0,0.2492433176289092
180.0,0.0,0.2503520395931666
181.0,0.0,0.2515317932229202
181.0,0.0,0.252697065663972
182.0,0.0,0.2538017001970303
183.0,0.0,0.2550005402160566
183.0,0.0,0.2561451622913017
184.0,0.0,0.2573274410971635
185.0,0.0,0.2584816244761754
186.0,0.0,0.2595887111146042
187.0,0.0,0.2606825075992356
188.0,0.0,0.2619292203220605
188.0,0.0,0.2631070676345702
189.0,0.0,0.2643069863869768
190.0,0.0,0.2655314848807137
191.0,0.0,0.2666798240956449
191.0,0.0,0.2677919309157313
192.0,0.0,0.2689024648802603
192.0,0.0,0.2700707185213393
193.0,0.0,0.2712302903802714
194.0,0.0,0.2723596460848172
195.0,0.0,0.2734832377176966
195.0,0.0,0.2745505497292936
196.0,0.0,0.2756753860789277
197.0,0.0,0.2768093660105228
197.0,0.0,0.2779929836236057
199.0,0.0,0.2791557175020626
200.0,0.0,0.2802843845386884
200.0,0.0,0.2814352079548473
201.0,0.0,0.2825886910461969
202.0,0.0,0.2837214118779256
203.0,0.0,0.2848920744750398
203.0,0.0,0.2865034070533539
204.0,0.0,0.2877840664340872
205.0,0.0,0.2888279897166076
205.0,0.0,0.2898318425105552
206.0,0.0,0.2907507466986455
207.0,0.0,0.2916288099843371
208.0,0.0,0.2925360559695235
208.0,0.0,0.2934854787197555
209.0,0.0,0.2944505888241746
210.0,0.0,0.2954095807832222
210.0,0.0,0.2964577000837725
211.0,0.0,0.2974667107974919
212.0,0.0,0.2984567958956819
213.0,0.0,0.2994652309678238
214.0,0.0,0.3005502069129188
214.0,0.0,0.3016301846474086
215.0,0.0,0.3027721781240444
216.0,0.0,0.3039225151645208
217.0,0.0,0.3051385353008771
217.0,0.0,0.3062095173842764
218.0,0.0,0.3073995063760995
219.0,0.0,0.3086225744863622
220.0,0.0,0.3098490833993613
220.0,0.0,0.3110554842011913
221.0,0.0,0.3122678288975603
222.0,0.0,0.3134351498561323
127.0,0.0,0.3146061401843389
223.0,0.0,0.3158322748419753
224.0,0.0,0.3170673851502495
225.0,0.0,0.3183042376270891
225.0,0.0,0.3195118633264253
227.0,0.0,0.3207438477428333
227.0,0.0,0.3220177087136365
228.0,0.0,0.323203392398431
229.0,0.0,0.3243988831683238
230.0,0.0,0.3256370241907704
230.0,0.0,0.3269076870596914
231.0,0.0,0.3282102357923919
231.0,0.0,0.329466171668629
232.0,0.0,0.3307965053115199
233.0,0.0,0.3321528549910142
234.0,0.0,0.3335017975265189
235.0,0.0,0.3348643757049599
235.0,0.0,0.3362133584905268
236.0,0.0,0.3375910924822365
236.0,0.0,0.3389803794649539
238.0,0.0,0.3403945236131791
238.0,0.0,0.3417461318715767
239.0,0.0,0.3431311085414897
240.0,0.0,0.3445181076128162
241.0,0.0,0.3457953009807293
241.0,0.0,0.3465764220933252
242.0,0.0,0.3473942879793021
243.0,0.0,0.3483478970304696
244.0,0.0,0.3493421113954608
244.0,0.0,0.3502972032661712
245.0,0.0,0.3512197836417175
246.0,0.0,0.3521270060703116
247.0,0.0,0.3529514977235765
247.0,0.0,0.3538564380393253
248.0,0.0,0.3547112459171935
249.0,0.0,0.3553890803641797
249.0,0.0,0.3560651954743746
250.0,0.0,0.3567757776166654
250.0,0.0,0.3574422544564579
250.0,0.0,0.3580053398264548
250.0,0.0,0.3585529688101237
250.0,0.0,0.3590588270855093
250.0,0.0,0.3594526958934097
250.0,0.0,0.3598015920631984
250.0,0.0,0.3601552407302123
250.0,0.0,0.3604297568913938
250.0,0.0,0.360618542231945
250.0,0.0,0.3607732328704645
250.0,0.0,0.3609379491041278
250.0,0.0,0.3610257476952623
250.0,0.0,0.3611633574259471
250.0,0.0,0.3613180223787207
250.0,0.0,0.3613139609277251
250.0,0.0,0.3612890629685414
250.0,0.0,0.3613457455887594
250.0,0.0,0.3612955022536895
250.0,0.0,0.3612296242270071
250.0,0.0,0.3611911520758826
250.0,0.0,0.3612141260730286
250.0,0.0,0.3611824347549919
250.0,0.0,0.3611864085029817
250.0,0.0,0.3611801749756084
250.0,0.0,0.3611037003555718
250.0,0.0,0.3610837037531573
250.0,0.0,0.3611913924663783
250.0,0.0,0.3611083773131473
250.0,0.0,0.3611865339644871
250.0,0.0,0.3612957283290254
250.0,0.0,0.3613239328183681
250.0,0.0,0.3613786419850537
250.0,0.0,0.3614778238691281
250.0,0.0,0.3614969760356551
250.0,0.0,0.3615890701940732
250.0,0.0,0.3615723972682991
250.0,0.0,0.3616848399963336
250.0,0.0,0.3617269120930969
250.0,0.0,0.3617315799451434
250.0,0.0,0.3616853341411614
250.0,0.0,0.361644224580356
250.0,0.0,0.361537816349139
250.0,0.0,0.3615482575595854
250.0,0.0,0.3615860215406496
250.0,0.0,0.3616287951482058
250.0,0.0,0.3616502124849518
250.0,0.0,0.3616424009376913
250.0,0.0,0.3616721099231723
250.0,0.0,0.3617133408004289
250.0,0.0,0.3617461634691191
250.0,0.0,0.3617911430383052
250.0,0.0,0.3617902760197997
250.0,0.0,0.3617750675439564
250.0,0.0,0.3617879292622287
250.0,0.0,0.3617762255090294
250.0,0.0,0.3617333955242052
250.0,0.0,0.3617541086547404
250.0,0.0,0.3617931275453156
250.0,0.0,0.3617857598133171
250.0,0.0,0.3617871708985058
250.0,0.0,0.3618130558109614
250.0,0.0,0.361793372533877
250.0,0.0,0.361802336270315
250.0,0.0,0.3617098797480834
250.0,0.0,0.3616416317922974
250.0,0.0,0.3616707051348419
250.0,0.0,0.361767584226101
250.0,0.0,0.3617753110375804
250.0,0.0,0.3618452268680635
250.0,0.0,0.3620011248272471
250.0,0.0,0.3620745244965487
250.0,0.0,0.3621459997281508
250.0,0.0,0.3623158144691417
250.0,0.0,0.3624535849056181
250.0,0.0,0.3627025562299968
250.0,0.0,0.3629945808285155
250.0,0.0,0.3632366848172808
250.0,0.0,0.3633918435071718
250.0,0.0,0.363776602958122
250.0,0.0,0.364092253459832
250.0,0.0,0.364389105347757
250.0,0.0,0.364811851955834
251.0,0.0,0.3652504651294054
252.0,0.0,0.3657129446419651
252.0,0.0,0.3662693314230926
253.0,0.0,0.3667967457246622
254.0,0.0,0.3674576469681784
255.0,0.0,0.3680185208498064
255.0,0.0,0.3687168460666855
256.0,0.0,0.3693452822487054
257.0,0.0,0.3701447052933949
257.0,0.0,0.3709516163899088
259.0,0.0,0.3717292106955555
260.0,0.0,0.3725446043851067
260.0,0.0,0.3734035281885903
261.0,0.0,0.3742623895671039
261.0,0.0,0.3751589309383693
262.0,0.0,0.3761335985865605
263.0,0.0,0.3769828073342104
264.0,0.0,0.377879747400803
264.0,0.0,0.378919786495686
265.0,0.0,0.3798436965502739
266.0,0.0,0.3807225901831987
267.0,0.0,0.3817103413666908
267.0,0.0,0.3825889303721042
268.0,0.0,0.383521246551406
269.0,0.0,0.3843962196878303
269.0,0.0,0.3852924204851303
270.0,0.0,0.3861405026160958
272.0,0.0,0.3870716920654603
272.0,0.0,0.3879882734376316
273.0,0.0,0.3888832137986816
274.0,0.0,0.3898025285736481
274.0,0.0,0.3906401337742188
275.0,0.0,0.3915911484517878
276.0,0.0,0.3924840094678923
277.0,0.0,0.3933369696708412
277.0,0.0,0.3941460087204233
278.0,0.0,0.3950419095562292
278.0,0.0,0.395854328637069
279.0,0.0,0.3966678519105292
280.0,0.0,0.3975326258804945
281.0,0.0,0.3983916035470327
282.0,0.0,0.3990519985729674
282.0,0.0,0.3998039424901569
283.0,0.0,0.4005649759223976
284.0,0.0,0.4013405520622876
285.0,0.0,0.4020971378966211
286.0,0.0,0.4029262058256795
286.0,0.0,0.4037443379917533
286.0,0.0,0.4045482978775944
288.0,0.0,0.4053151056875108
289.0,0.0,0.4061284173366986
289.0,0.0,0.4069123428389748
290.0,0.0,0.4076613086819157
291.0,0.0,0.4084470499444584
291.0,0.0,0.4092782754308792
292.0,0.0,0.4099895486873516
293.0,0.0,0.4107341892454615
294.0,0.0,0.4114369326598083
294.0,0.0,0.412238407959362
295.0,0.0,0.4129050796620053
296.0,0.0,0.4135821328908438
296.0,0.0,0.4143874901809297
297.0,0.0,0.4150998264059856
299.0,0.0,0.4158330853019968
299.0,0.0,0.4165455612131158
300.0,0.0,0.4172794103376712
300.0,0.0,0.4178777731544961
302.0,0.0,0.4186204695462602
302.0,0.0,0.4194022452829699
303.0,0.0,0.4199974814378091
304.0,0.0,0.42059471845337
304.0,0.0,0.421185078257669
305.0,0.0,0.4217868499399267
306.0,0.0,0.4224837235497479
307.0,0.0,0.4231015108155976
307.0,0.0,0.4237731228113392
308.0,0.0,0.4244305356859229
308.0,0.0,0.4250261656209159
309.0,0.0,0.425580146232028
310.0,0.0,0.4261805030011508
311.0,0.0,0.4266829131803167
312.0,0.0,0.4272150615868491
313.0,0.0,0.427810735463947
313.0,0.0,0.4282708172551539
314.0,0.0,0.4287890562413144
315.0,0.0,0.429321986726716
316.0,0.0,0.4298108503702866
316.0,0.0,0.4303107979342178
317.0,0.0,0.4308935649278075
318.0,0.0,0.4313620819950118
319.0,0.0,0.4318928205394862
319.0,0.0,0.4322960123218594
320.0,0.0,0.43286699286502
321.0,0.0,0.4333909321388427
321.0,0.0,0.4338443091349241
322.0,0.0,0.4342788872001124
323.0,0.0,0.4347462531200652
324.0,0.0,0.4351919304400498
324.0,0.0,0.4356668367346431
325.0,0.0,0.4361059527961619
326.0,0.0,0.4366413802577125
327.0,0.0,0.4370983322611553
328.0,0.0,0.4376523066207104
329.0,0.0,0.4382238252734545
329.0,0.0,0.4387325112459566
330.0,0.0,0.4392118637794228
330.0,0.0,0.4397049284467991
331.0,0.0,0.4401999161701903
332.0,0.0,0.4406783052616758
333.0,0.0,0.4411201351105965
333.0,0.0,0.4416242241952869
334.0,0.0,0.4421362422477909
335.0,0.0,0.4426390411333828
335.0,0.0,0.4431337207637255
336.0,0.0,0.4435640457314484
337.0,0.0,0.4439955388116993
338.0,0.0,0.4444327496432015
339.0,0.0,0.4448544827062382
340.0,0.0,0.4453134825250335
340.0,0.0,0.4456107279892569
341.0,0.0,0.4459311154046004
342.0,0.0,0.4462270747921289
343.0,0.0,0.4465582783074973
343.0,0.0,0.446847985095873
344.0,0.0,0.4471329308024575
345.0,0.0,0.4474392917166344
346.0,0.0,0.4477067373212913
346.0,0.0,0.4479503378331942
347.0,0.0,0.4482671372850503
347.0,0.0,0.4485446091417176
348.0,0.0,0.448752932342696
349.0,0.0,0.4490142014994153
350.0,0.0,0.4491460648485285
351.0,0.0,0.4492887693491967
351.0,0.0,0.4494669450270149
351.0,0.0,0.4495479904187566
351.0,0.0,0.4497133140500958
351.0,0.0,0.4499124717660123
351.0,0.0,0.4500434640648187
351.0,0.0,0.4501078156696116
350.0,0.0,0.4501853655801417
351.0,0.0,0.4501577211261338
350.0,0.0,0.4502218648892995
350.0,0.0,0.4502473032004729
351.0,0.0,0.450288173661865
350.0,0.0,0.450325424675478
351.0,0.0,0.4503910076784905
350.0,0.0,0.4504600137714938
351.0,0.0,0.4505703559083485
351.0,0.0,0.4506037563251189
350.0,0.0,0.4506807728373843
351.0,0.0,0.4506965343948375
351.0,0.0,0.4507179632380728
350.0,0.0,0.4507629110511604
350.0,0.0,0.4507602823166476
351.0,0.0,0.4507703762938612
351.0,0.0,0.4508014307911318
350.0,0.0,0.4508144231805404
351.0,0.0,0.4508490490157801
351.0,0.0,0.4508923859656544
351.0,0.0,0.4508939651633712
350.0,0.0,0.4508650778952564
350.0,0.0,0.4508349831252729
351.0,0.0,0.4508214302928193
350.0,0.0,0.4508099607465101
351.0,0.0,0.4508168868150507
351.0,0.0,0.4508093148881668
351.0,0.0,0.4508184151848892
350.0,0.0,0.4507743506081152
350.0,0.0,0.4507495115857137
351.0,0.0,0.4507306090737656
351.0,0.0,0.4507580709641821
351.0,0.0,0.450841114498577
350.0,0.0,0.450949105234494
350.0,0.0,0.4510370300346027
350.0,0.0,0.451088259190416
350.0,0.0,0.4510783370630745
351.0,0.0,0.4511818640738788
350.0,0.0,0.4512272566988533
350.0,0.0,0.4512210505107176
351.0,0.0,0.4511906088246094
350.0,0.0,0.4511858597702705
351.0,0.0,0.4511927247049236
351.0,0.0,0.4512238316382631
351.0,0.0,0.4512422423383921
351.0,0.0,0.4512708824887919
350.0,0.0,0.4513930704432189
351.0,0.0,0.4513886567985158
350.0,0.0,0.4514100017893424
351.0,0.0,0.451407406668275
350.0,0.0,0.4514003382635547
350.0,0.0,0.4514022878886877
350.0,0.0,0.4513991845114878
350.0,0.0,0.451410154703338
350.0,0.0,0.4514445741465871
351.0,0.0,0.4514711679312707
350.0,0.0,0.4515008265192342
351.0,0.0,0.4514964406894306
351.0,0.0,0.451515993861643
350.0,0.0,0.4514520640331077
350.0,0.0,0.4514074123082668
351.0,0.0,0.4513609534756772
350.0,0.0,0.4513418976193725
351.0,0.0,0.4514371537520141
351.0,0.0,0.4514117636639035
351.0,0.0,0.4514075415524173
351.0,0.0,0.4514370657092499
351.0,0.0,0.4513729272463175
350.0,0.0,0.4514104782893763
351.0,0.0,0.4514253463724585
350.0,0.0,0.4514389346304032
351.0,0.0,0.4514504781534728
351.0,0.0,0.4515583195315336
350.0,0.0,0.4516588409702976
351.0,0.0,0.4517596369566167
351.0,0.0,0.4518271824729364
350.0,0.0,0.4519635126049892
351.0,0.0,0.4521010319145999
350.0,0.0,0.4522317472648909
351.0,0.0,0.452459509773668
351.0,0.0,0.4525376116332798
351.0,0.0,0.4527300483136122
352.0,0.0,0.4528692569706599
353.0,0.0,0.4529751362657742
354.0,0.0,0.4531188178667165
354.0,0.0,0.4532579808828663
355.0,0.0,0.4534423308794687
355.0,0.0,0.4536405459466276
356.0,0.0,0.4538368032344484
357.0,0.0,0.4540720242813577
358.0,0.0,0.4543228372329533
358.0,0.0,0.4545943975627455
359.0,0.0,0.4548174662166222
360.0,0.0,0.4551318385919874
362.0,0.0,0.4554312499489831
362.0,0.0,0.4556537519535584
363.0,0.0,0.4559571407052855
363.0,0.0,0.4562188293505549
364.0,0.0,0.4565100094678848
365.0,0.0,0.4568181660965739
366.0,0.0,0.4571182677976317
366.0,0.0,0.4573955513827639
367.0,0.0,0.4576639357402804
368.0,0.0,0.4579544017984017
368.0,0.0,0.4582517447053759
369.0,0.0,0.4585035720627338
370.0,0.0,0.4587369935445341
371.0,0.0,0.4589745450406042
371.0,0.0,0.4592269483339971
372.0,0.0,0.459467535414112
373.0,0.0,0.4598122165167417
374.0,0.0,0.4600738323404296
375.0,0.0,0.460334518833895
376.0,0.0,0.4605417134928906
376.0,0.0,0.4607623884798665
377.0,0.0,0.4609409314140212
377.0,0.0,0.4612006399917919
378.0,0.0,0.461347261546074
379.0,0.0,0.461529333235127
380.0,0.0,0.4617269053205649
380.0,0.0,0.4618844433621966
380.0,0.0,0.4620218008334871
380.0,0.0,0.4621673651271291
380.0,0.0,0.4623198326348868
380.0,0.0,0.4624892163808379
380.0,0.0,0.4626120793901927
380.0,0.0,0.4627782307186486
380.0,0.0,0.4628427957144582
380.0,0.0,0.4628344574735014
380.0,0.0,0.4629070110307734
380.0,0.0,0.4628986147364066
380.0,0.0,0.4629355095471611
380.0,0.0,0.4629616032299172
380.0,0.0,0.4630054855602077
380.0,0.0,0.4631710498085486
382.0,0.0,0.4633507860653154
382.0,0.0,0.4635355581099823
383.0,0.0,0.4636814298851076
383.0,0.0,0.463847816394428
384.0,0.0,0.4640165495027659
385.0,0.0,0.4641087955332535
386.0,0.0,0.4642607381820111
387.0,0.0,0.4643943719222997
387.0,0.0,0.4646242214772159
388.0,0.0,0.4647454138258535
389.0,0.0,0.4649089730231173
390.0,0.0,0.4651150079276451
391.0,0.0,0.4652784100432082
391.0,0.0,0.4654207961221682
392.0,0.0,0.4655680221975039
393.0,0.0,0.465829033454837
393.0,0.0,0.4659893242428503
394.0,0.0,0.4660849149244058
395.0,0.0,0.4663220384379624
396.0,0.0,0.4664606839791976
396.0,0.0,0.4666592374911684
397.0,0.0,0.4668219006998481
398.0,0.0,0.4670779095335703
398.0,0.0,0.4673394250831862
399.0,0.0,0.4675640612017846
400.0,0.0,0.4678404471221905
400.0,0.0,0.4679568206753853
401.0,0.0,0.4681548532242539
400.0,0.0,0.4683542206164938
401.0,0.0,0.4685125049943959
400.0,0.0,0.4686912635393233
401.0,0.0,0.4688132629504084
400.0,0.0,0.4689074043126138
401.0,0.0,0.4690083022491468
402.0,0.0,0.4691791955423131
403.0,0.0,0.4692378133366007
404.0,0.0,0.4693796247026565
404.0,0.0,0.4695145970916121
404.0,0.0,0.469693094226315
405.0,0.0,0.4698170726176714
407.0,0.0,0.469874312079494
407.0,0.0,0.4699224875987582
408.0,0.0,0.4699823818885496
408.0,0.0,0.4700665455615661
409.0,0.0,0.4703346798567935
410.0,0.0,0.4704793720129012
412.0,0.0,0.4706482698361814
412.0,0.0,0.4708844489568863
413.0,0.0,0.4711514667828846
413.0,0.0,0.4713920317560436
413.0,0.0,0.4715903453531805
414.0,0.0,0.4716417602436651
416.0,0.0,0.4718176414414272
416.0,0.0,0.4719543677319434
417.0,0.0,0.4721830299213474
418.0,0.0,0.4722598155337055
418.0,0.0,0.4724904662166201
420.0,0.0,0.4727209076762229
420.0,0.0,0.472876552334086
421.0,0.0,0.4729899354231707
421.0,0.0,0.473112584543196
422.0,0.0,0.4732563211397214
423.0,0.0,0.473331359894846
424.0,0.0,0.4735132087249442
424.0,0.0,0.4736790897641523
426.0,0.0,0.4738558952863611
426.0,0.0,0.4738611618609155
427.0,0.0,0.473999724704921
427.0,0.0,0.4742045604203392
429.0,0.0,0.4742859819474405
429.0,0.0,0.4744435020951223
430.0,0.0,0.4745303017734842
431.0,0.0,0.4746999077441743
431.0,0.0,0.4748817405150184
431.0,0.0,0.4748675132618531
431.0,0.0,0.47493630598649
431.0,0.0,0.474927771229191
431.0,0.0,0.4749578345375332
431.0,0.0,0.4749395442704829
431.0,0.0,0.4748959900563445
431.0,0.0,0.4749411224036229
430.0,0.0,0.4748658708463963
431.0,0.0,0.4749714740990181
431.0,0.0,0.4748823648553207
431.0,0.0,0.4748756999025471
430.0,0.0,0.4746645778159766
431.0,0.0,0.4745499797050342
431.0,0.0,0.4743534492966444
431.0,0.0,0.4741558128835887
430.0,0.0,0.4739487422364619
431.0,0.0,0.4737593901560072
431.0,0.0,0.4736699852544238
431.0,0.0,0.4736131444879286
431.0,0.0,0.4737064378354562
430.0,0.0,0.4737577018731468
431.0,0.0,0.473793965140718
431.0,0.0,0.4739511861876273
431.0,0.0,0.4741833521257006
431.0,0.0,0.4744803966340699
431.0,0.0,0.4747647985457779
430.0,0.0,0.475180027452435
431.0,0.0,0.4756498817866214
431.0,0.0,0.4763693636321897
431.0,0.0,0.4771166029354581
431.0,0.0,0.4780754901356211
430.0,0.0,0.4790819935671823
431.0,0.0,0.4802489756958827
431.0,0.0,0.4814656077826795
430.0,0.0,0.4827264203718659
431.0,0.0,0.4842020901039096
431.0,0.0,0.4857675101813744
431.0,0.0,0.4874189120704317
431.0,0.0,0.4891612641735369
431.0,1.0,0.4911869593874713
431.0,1.0,0.4931111811591986
431.0,2.0,0.4951252141384278
431.0,3.0,0.4973098691476009
431.0,4.0,0.4996276275113236
431.0,4.0,0.5019289477450772
431.0,5.0,0.5043752407981473
431.0,6.0,0.5069966476703297
431.0,6.0,0.5095651385081741
431.0,7.0,0.5122707423270597
431.0,8.0,0.514927379170476
431.0,9.0,0.5176621576252538
431.0,10.0,0.5205675991528079
431.0,10.0,0.5234717709573784
431.0,11.0,0.5263606809440143
431.0,12.0,0.5292070277242356
430.0,13.0,0.5320875317900124
431.0,14.0,0.5349997146027597
431.0,14.0,0.5378724203492091
431.0,15.0,0.5406855280526673
430.0,15.0,0.5433633924890077
431.0,17.0,0.5461135286642321
430.0,17.0,0.5488420341116939
431.0,18.0,0.5516617853631376
431.0,18.0,0.5545047595867889
431.0,19.0,0.5572690554938304
431.0,20.0,0.5601181749755852
431.0,21.0,0.563037952433738
430.0,22.0,0.5658939342226796
431.0,23.0,0.5686519636231189
431.0,23.0,0.5714860934561837
431.0,24.0,0.5742491537973009
431.0,25.0,0.5771170107136521
431.0,26.0,0.579787270923396
431.0,26.0,0.5825940556297311
431.0,27.0,0.5853849794105639
431.0,28.0,0.5881507760084479
431.0,28.0,0.5908988740401133
431.0,29.0,0.5936710509863631
431.0,30.0,0.5965887491222208
431.0,31.0,0.5994433680943375
431.0,32.0,0.6023619314140048
431.0,32.0,0.6051589210400435
431.0,33.0,0.6079587398807871
431.0,34.0,0.6108344336903861
431.0,34.0,0.613695593150396
431.0,36.0,0.6164298476521965
431.0,36.0,0.6191546826654467
431.0,37.0,0.6220126768215994
431.0,42.0,0.6248341638088468
431.0,42.0,0.6276496396973151
431.0,43.0,0.6305098353302849
431.0,44.0,0.633342837097029
431.0,45.0,0.6362967441843919
431.0,45.0,0.6392709786404382
431.0,46.0,0.6421527383178938
431.0,46.0,0.645110878298414
430.0,48.0,0.6481000594123686
431.0,49.0,0.6508979651859985
431.0,50.0,0.6539440559468308
377.0,50.0,0.6568583934403183
430.0,51.0,0.6598656706832907
430.0,51.0,0.6628095973860468
431.0,52.0,0.6656190135449629
430.0,53.0,0.6685559032819895
431.0,54.0,0.6713767281024834
431.0,54.0,0.6743493245146329
431.0,55.0,0.6773161429476661
431.0,56.0,0.6803345454482886
431.0,56.0,0.6832131892454298
431.0,57.0,0.686154489546682
431.0,58.0,0.6892695948944811
430.0,59.0,0.692232207388535
430.0,60.0,0.6952444662165943
431.0,61.0,0.6982722975151511
430.0,61.0,0.7012038622391534
431.0,62.0,0.7041823559989211
431.0,63.0,0.7071377327911471
431.0,64.0,0.70997860209736
431.0,64.0,0.7129204563635945
431.0,65.0,0.7159103491810983
431.0,65.0,0.7188551969466193
431.0,67.0,0.7219186804003779
431.0,67.0,0.7248130940677312
431.0,68.0,0.7280543965660886
431.0,68.0,0.7311747209448963
430.0,69.0,0.7342223968378948
430.0,70.0,0.7372562158598428
430.0,72.0,0.7404929929329358
431.0,72.0,0.7436755637952425
431.0,73.0,0.7466540764455855
430.0,73.0,0.7498186978639638
431.0,74.0,0.7528469045957127
430.0,75.0,0.7559440654827085
431.0,76.0,0.7590129050713741
430.0,76.0,0.7620331244647913
431.0,77.0,0.7651220120273631
431.0,78.0,0.7683137404923338
431.0,78.0,0.7715983857617619
431.0,79.0,0.7747740348817869
431.0,79.0,0.7779396021426531
431.0,81.0,0.7811712327118615
431.0,81.0,0.7843695943282059
431.0,83.0,0.7877518706198542
431.0,83.0,0.7911283192823375
431.0,84.0,0.7945713974947543
431.0,84.0,0.798100657704498
431.0,86.0,0.8015535599446392
431.0,86.0,0.8050269260457961
431.0,87.0,0.8085915421639411
430.0,87.0,0.8120485806925597
431.0,88.0,0.8154416319054973
431.0,89.0,0.8188821315544129
431.0,90.0,0.8222664766131907
431.0,90.0,0.825730915354725
431.0,91.0,0.8288714561370751
431.0,92.0,0.8321899439850442
431.0,92.0,0.8352765765022014
431.0,93.0,0.8382376148496157
431.0,95.0,0.8410360020837543
430.0,95.0,0.843877638270304
431.0,96.0,0.8464919961040033
431.0,97.0,0.8489003013883808
431.0,97.0,0.8513767013294892
431.0,98.0,0.8537324288204852
431.0,99.0,0.8559798944255949
430.0,100.0,0.8580203254659353
431.0,100.0,0.859913189041554
431.0,100.0,0.8618081046228807
431.0,100.0,0.8635426412148758
431.0,100.0,0.8651317433236436
430.0,100.0,0.8666047982059737
431.0,100.0,0.8681108141519746
431.0,100.0,0.8692511794830123
430.0,100.0,0.8703699018776306
430.0,100.0,0.8713284243583209
431.0,100.0,0.8721029799994452
431.0,100.0,0.8727807514778478
431.0,100.0,0.873429638089096
431.0,100.0,0.873796647194625
431.0,100.0,0.8741666922239576
431.0,100.0,0.8746005629345056
431.0,100.0,0.8747888026454844
431.0,100.0,0.8748697689414366
431.0,100.0,0.8749322119865793
431.0,100.0,0.8750607348523295
430.0,100.0,0.8752436292100726
431.0,100.0,0.8751388918660782
431.0,100.0,0.8751141322565741
431.0,100.0,0.8750185758453304
431.0,100.0,0.8750164122402658
431.0,100.0,0.8751392480689367
431.0,100.0,0.8753448696232188
431.0,100.0,0.8754088319100204
431.0,100.0,0.8755312717161315
431.0,100.0,0.8756521492218509
431.0,100.0,0.8757141089491379
431.0,100.0,0.8758608966906495
431.0,100.0,0.8760599999545965
431.0,100.0,0.876314612493952
431.0,100.0,0.8764069079706331
431.0,100.0,0.8764964138258052
431.0,100.0,0.8765684373370967
431.0,100.0,0.8765944640874196
431.0,100.0,0.8765677532445918
430.0,100.0,0.8765151136831069
431.0,100.0,0.8767518795441681
431.0,100.0,0.8766820878161562
431.0,100.0,0.876773547011155
431.0,100.0,0.8768762024280388
431.0,100.0,0.8769048822848872
431.0,100.0,0.8769089941560507
430.0,100.0,0.8770523432466304
431.0,100.0,0.8772130200230013
430.0,100.0,0.8773408703253862
431.0,100.0,0.8774171991210556
431.0,100.0,0.8773661518946178
431.0,100.0,0.8774554344378237
431.0,100.0,0.8776830803188176
431.0,100.0,0.8776446984755142
431.0,100.0,0.8777880921424148
431.0,100.0,0.8779269879044932
430.0,100.0,0.8780703013883775
431.0,100.0,0.8780373843347635
431.0,100.0,0.8781966844774621
430.0,100.0,0.8783351214069509
431.0,100.0,0.8783109333392711
431.0,100.0,0.8783315794241201
431.0,100.0,0.8785281139322628
431.0,100.0,0.8786717623954217
431.0,100.0,0.8788419266120517
431.0,100.0,0.8789647680354136
431.0,100.0,0.8789058479239727
431.0,100.0,0.8790252127113971
430.0,100.0,0.8791569997733916
431.0,100.0,0.8793123228158162
431.0,100.0,0.8793818461345776
431.0,100.0,0.8793726656095375
431.0,100.0,0.8795428000180178
431.0,100.0,0.879648351831196
431.0,100.0,0.8798361476816116
431.0,100.0,0.879946154340879
431.0,100.0,0.8801074061246112
431.0,100.0,0.8800781321206701
431.0,100.0,0.8801908266777383
431.0,100.0,0.880279621305023
430.0,100.0,0.8804209433281719
431.0,100.0,0.8805338374367587
431.0,100.0,0.8805809209720596
431.0,100.0,0.8806296390404191
430.0,100.0,0.8805583447642181
431.0,100.0,0.8805064085482222
431.0,100.0,0.8804538967586008
431.0,100.0,0.8805216644770089
431.0,100.0,0.8805981101949186
431.0,100.0,0.8806022976283825
431.0,100.0,0.8807509548346613
431.0,100.0,0.8808231480666712
431.0,100.0,0.8808872962240473
431.0,100.0,0.8808335428887508
431.0,100.0,0.8808238484902369
431.0,100.0,0.8808608036874099
431.0,100.0,0.8808028839383784
431.0,100.0,0.8809100016080876
431.0,100.0,0.8810737719539617
431.0,100.0,0.8811770571699351
431.0,100.0,0.8812180655053445
431.0,100.0,0.8812588088290894
431.0,100.0,0.8812704011188351
431.0,100.0,0.8811999917550898
431.0,100.0,0.8812171395727074
431.0,100.0,0.8812465201249283
431.0,100.0,0.881142759835907
431.0,100.0,0.8811749647556107
431.0,100.0,0.8812964873495541
431.0,100.0,0.8812923508798718
431.0,100.0,0.8814121237399591
431.0,100.0,0.8816245549162032
431.0,100.0,0.8817204995808614
430.0,100.0,0.881810075584848
430.0,100.0,0.8818953113999287
431.0,100.0,0.8818880914402469
431.0,100.0,0.8819612962919987
431.0,100.0,0.8821275826405004
431.0,100.0,0.8821931397086107
431.0,100.0,0.8823370978730086
431.0,100.0,0.882480613399974
431.0,100.0,0.8825644611201942
431.0,100.0,0.8826368493736089
431.0,100.0,0.8827061044869748
430.0,100.0,0.8828235867176029
430.0,100.0,0.8828969147205021
430.0,100.0,0.8829318731567071
431.0,100.0,0.8828792029263506
431.0,100.0,0.8829400937053036
431.0,100.0,0.8830865586308966
431.0,100.0,0.8832791269789904
431.0,100.0,0.8832856478967915
431.0,100.0,0.8832471066614295
431.0,100.0,0.8832673572220309
430.0,100.0,0.8833459179595335
430.0,100.0,0.8833284053544915
430.0,100.0,0.8832996159141872
430.0,100.0,0.8834020701487111
431.0,100.0,0.8834014720377685
431.0,100.0,0.8834741539558189
431.0,100.0,0.883585432376621
431.0,100.0,0.8836829250491619
431.0,100.0,0.8836060332056319
430.0,100.0,0.883578916306042
431.0,100.0,0.8835931693582063
431.0,100.0,0.883684426487473
431.0,100.0,0.883632130580431
431.0,100.0,0.8837996364356032
431.0,100.0,0.8839292289292044
430.0,100.0,0.8837894259212089
431.0,100.0,0.8835228192710015
431.0,100.0,0.8831438818998268
431.0,100.0,0.8830638371196505
431.0,100.0,0.8829196798340948
431.0,100.0,0.8828869007904019
431.0,100.0,0.8829108103919783
431.0,100.0,0.8829201287230843
431.0,100.0,0.8829391770593998
430.0,100.0,0.8830314585380291
431.0,100.0,0.8830870181656537
431.0,100.0,0.883236987995095
431.0,100.0,0.8834304452647953
431.0,100.0,0.8836092994857291
431.0,100.0,0.8840020710320832
431.0,100.0,0.8843471368999398
431.0,100.0,0.8848105710434085
431.0,100.0,0.8852921682936291
430.0,100.0,0.8858932484992965
431.0,100.0,0.8866526475796832
431.0,100.0,0.8874852124622399
431.0,100.0,0.8884874511992441
431.0,100.0,0.8895224055356954
431.0,100.0,0.8907485182222794
431.0,101.0,0.8921738721827311
431.0,101.0,0.893700719699096
431.0,102.0,0.8953214951413483
431.0,104.0,0.8970338760786287
431.0,104.0,0.8989465576116189
431.0,105.0,0.9010347096195918
431.0,106.0,0.9032314540305636
431.0,106.0,0.9054303803256094
431.0,107.0,0.9076876908649194
431.0,108.0,0.9102126427551088
430.0,109.0,0.912971662846164
431.0,109.0,0.915727738997379
431.0,110.0,0.9184204536002007
431.0,111.0,0.9213784603727208
431.0,111.0,0.924522895263658
431.0,112.0,0.9276172358829242
431.0,113.0,0.93097769974394
431.0,114.0,0.9341964925818296
431.0,115.0,0.937673795487897
431.0,115.0,0.941137169335549
430.0,116.0,0.9445649836914796
431.0,117.0,0.9481508758521172
430.0,118.0,0.9518216214635686
431.0,119.0,0.9552935324921308
431.0,119.0,0.9588928698723652
431.0,120.0,0.9624760775780888
431.0,120.0,0.9659145869894
431.0,121.0,0.9694916071031056
431.0,122.0,0.9732496170920064
430.0,123.0,0.9771022439238708
431.0,123.0,0.9810185054473476
431.0,124.0,0.9847409614939168
431.0,125.0,0.988382677070713
431.0,126.0,0.9920309567146456
431.0,127.0,0.9955874878478532
431.0,128.0,0.999342536206819
431.0,128.0,1.0030042780129749
431.0,129.0,1.0066179914832685
431.0,130.0,1.0100616710003578
430.0,130.0,1.0135869593194584
431.0,131.0,1.0171921862102145
430.0,132.0,1.020575771659488
431.0,133.0,1.0239540488345087
431.0,133.0,1.027245070647007
430.0,134.0,1.030711534236216
431.0,134.0,1.0340218303018114
430.0,136.0,1.037417112210801
431.0,136.0,1.0407400055266176
430.0,137.0,1.0440272728939417
431.0,138.0,1.047408259212997
431.0,139.0,1.050637586400475
431.0,139.0,1.0537991863008125
431.0,141.0,1.0568934377221355
431.0,141.0,1.0599680573284682
431.0,142.0,1.0628703177420673
431.0,142.0,1.0658234511086209
431.0,143.0,1.0686897291896644
431.0,144.0,1.071471131894142
431.0,144.0,1.0743643921491872
431.0,145.0,1.0772015353913893
430.0,146.0,1.0799556859044244
431.0,147.0,1.0826187719765887
431.0,147.0,1.085202053183411
431.0,148.0,1.087865825998197
431.0,149.0,1.0904352584428725
431.0,150.0,1.0930773191917
430.0,151.0,1.0956296437064112
431.0,152.0,1.0980621653716809
431.0,152.0,1.1005198282859028
431.0,153.0,1.102862307186897
431.0,153.0,1.105124028086577
431.0,155.0,1.1073767037983713
431.0,155.0,1.1096917013068084
431.0,156.0,1.111759380665344
431.0,156.0,1.1140519495117502
431.0,157.0,1.1162976230264388
431.0,158.0,1.1185111486329076
431.0,159.0,1.1206652543884172
431.0,160.0,1.1229000270899503
431.0,161.0,1.1248041872294774
431.0,161.0,1.12680547720207
431.0,162.0,1.1284685807604744
431.0,162.0,1.1303327506397467
431.0,164.0,1.1320881558357871
431.0,164.0,1.1339104849032628
431.0,165.0,1.1357995176559863
431.0,166.0,1.137426146752908
431.0,166.0,1.138964751047456
430.0,167.0,1.140461613603799
431.0,168.0,1.14209623710603
431.0,169.0,1.1435180851886593
431.0,169.0,1.1448263400075678
431.0,170.0,1.1461908958298963
431.0,170.0,1.1474930539761736
431.0,172.0,1.1488519824456744
431.0,173.0,1.1502425960043052
431.0,173.0,1.1516162235383376
431.0,174.0,1.152891731273507
431.0,175.0,1.1540682552491348
431.0,175.0,1.1552201137057247
431.0,176.0,1.1561552377402442
431.0,177.0,1.1573913042423167
430.0,178.0,1.1584284329881545
431.0,178.0,1.1595171760627423
431.0,179.0,1.160575960927632
431.0,180.0,1.1618889217874473
431.0,180.0,1.1629102044212554
431.0,181.0,1.1639513149333849
431.0,182.0,1.1651325050622665
431.0,183.0,1.1660951789167135
431.0,184.0,1.1671385857209446
431.0,184.0,1.1680638469499645
430.0,185.0,1.1689894646536498
430.0,186.0,1.169927816484948
431.0,187.0,1.170750134340392
431.0,188.0,1.1715897248633935
431.0,188.0,1.172320431425263
431.0,189.0,1.1730269103489082
430.0,189.0,1.173769585245282
430.0,191.0,1.174687130467144
431.0,191.0,1.1755952780356054
431.0,192.0,1.1764449891728903
431.0,192.0,1.177394881605335
430.0,193.0,1.1780557371400018
430.0,194.0,1.1788630503067774
431.0,194.0,1.179535937348387
430.0,196.0,1.1802756193343886
431.0,197.0,1.1808290973973117
431.0,197.0,1.181481591270333
431.0,198.0,1.1818155329677662
431.0,199.0,1.1824492552491317
431.0,199.0,1.1829405476906365
431.0,200.0,1.1833954771567623
431.0,201.0,1.1839522846722217
431.0,202.0,1.1844440049150355
431.0,202.0,1.1848898705065551
431.0,203.0,1.185305504314795
431.0,203.0,1.1857424594893178
431.0,205.0,1.186157642641824
431.0,205.0,1.1866178468367097
431.0,206.0,1.186954676753582
431.0,207.0,1.187335055357854
431.0,208.0,1.187530305510745
431.0,208.0,1.1878683568822372
431.0,210.0,1.1883756671270898
431.0,210.0,1.188765441504765
431.0,211.0,1.1890528575957298
430.0,211.0,1.1893417851818586
431.0,212.0,1.1894719336110415
431.0,213.0,1.1898180155155014
430.0,214.0,1.1900597391332504
430.0,214.0,1.190342431606466
431.0,215.0,1.190258899318079
431.0,216.0,1.1903360914175602
430.0,216.0,1.190477157851681
431.0,217.0,1.1906867679221245
431.0,219.0,1.1906400147680325
430.0,219.0,1.190935355545853
431.0,220.0,1.1912610057984068
431.0,220.0,1.1915183468253836
431.0,221.0,1.1918371214522154
431.0,222.0,1.1921166475343463
430.0,223.0,1.192586132483043
431.0,224.0,1.192899108156331
431.0,224.0,1.1932959211305771
431.0,225.0,1.19394749341987
431.0,225.0,1.1944721510565095
431.0,226.0,1.1951175130579137
431.0,227.0,1.1958230126388782
431.0,228.0,1.1965219529093258
430.0,228.0,1.1971450921876787
430.0,229.0,1.1977650694238562
430.0,230.0,1.1985669136105874
431.0,231.0,1.1991655419373897
431.0,232.0,1.1999336632311903
431.0,233.0,1.2006418009693045
431.0,233.0,1.2014420849394958
431.0,234.0,1.202148058936642
430.0,235.0,1.2028739422862085
431.0,235.0,1.203463797005454
431.0,236.0,1.2042210537270106
431.0,237.0,1.2048762060973923
430.0,238.0,1.2056064723321884
431.0,238.0,1.2063396114972886
431.0,239.0,1.207052071960719
431.0,239.0,1.2078012509002192
431.0,241.0,1.2085076608981806
431.0,241.0,1.2089295962534548
431.0,242.0,1.2095450410653417
431.0,243.0,1.2101209301908031
431.0,244.0,1.21052584377888
431.0,244.0,1.2109460930710496
430.0,246.0,1.2111980762643269
431.0,246.0,1.2117200291058408
431.0,247.0,1.2120781604338438
431.0,247.0,1.2122288972795252
431.0,248.0,1.2124250513487005
431.0,249.0,1.212432521438623
431.0,250.0,1.212418514371645
431.0,250.0,1.212395439783319
431.0,250.0,1.2122993830436422
431.0,250.0,1.2121936559830064
431.0,250.0,1.2122345797638396
431.0,250.0,1.2123481303765378
431.0,250.0,1.2125766411921843
431.0,250.0,1.2126667338103638
430.0,250.0,1.2127770150171862
431.0,250.0,1.2129725071234625
431.0,250.0,1.2130812706741658
431.0,250.0,1.2131394842916885
431.0,250.0,1.2132202014540252
431.0,250.0,1.2134110730479457
431.0,250.0,1.2136752163807505
431.0,250.0,1.2138339181860007
431.0,250.0,1.2141844885273447
431.0,250.0,1.2144650496725573
430.0,250.0,1.2147379568278724
431.0,250.0,1.2149584514030607
431.0,250.0,1.2151571238305223
431.0,250.0,1.2153805178598325
430.0,250.0,1.2158196745111722
431.0,250.0,1.216170757774666
431.0,250.0,1.2163007786584914
431.0,250.0,1.2163149248452676
431.0,250.0,1.2165631406145945
431.0,250.0,1.2167082209788156
431.0,250.0,1.2170052688168187
431.0,250.0,1.217102862420298
431.0,250.0,1.217148931255379
431.0,250.0,1.217320901786988
430.0,250.0,1.217551255588886
431.0,250.0,1.2177362449431182
431.0,250.0,1.217861912251551
431.0,250.0,1.2179842778543957
431.0,250.0,1.2182604396021135
431.0,250.0,1.2182478573692206
431.0,250.0,1.2183364882555372
431.0,250.0,1.218302789915824
431.0,250.0,1.2184411457109725
431.0,250.0,1.2185189320934495
431.0,250.0,1.2185669545854656
431.0,250.0,1.218590223991341
431.0,250.0,1.2185795556183316
431.0,250.0,1.21865366012806
431.0,250.0,1.2186028993633768
431.0,250.0,1.21859510029658
431.0,250.0,1.2185499826721715
431.0,250.0,1.2184376812157405
431.0,250.0,1.2184229141088974
431.0,250.0,1.2183114314705594
431.0,250.0,1.2182799559671502
431.0,250.0,1.2182153214567426
430.0,250.0,1.2182398770752163
431.0,250.0,1.218257817458917
431.0,250.0,1.2182702565855108
431.0,250.0,1.218136858864158
431.0,250.0,1.218066794083529
431.0,250.0,1.2180391711249117
431.0,250.0,1.2179264786290451
431.0,250.0,1.217897794581842
430.0,250.0,1.2180678948785642
430.0,250.0,1.218083054247972
431.0,250.0,1.2181886005344111
431.0,250.0,1.2181062875261892
431.0,250.0,1.2182465314048727
431.0,250.0,1.218173759314905
431.0,250.0,1.2179929247546653
431.0,250.0,1.217773909193724
431.0,250.0,1.2177740230354872
431.0,250.0,1.2178045208270567
431.0,250.0,1.2179318871773703
431.0,250.0,1.21777454322847
431.0,250.0,1.2176899087633632
431.0,250.0,1.2178846150534264
431.0,250.0,1.21794840247783
431.0,250.0,1.2179796390177295
431.0,250.0,1.2180337935852168
431.0,250.0,1.2179418384106937
431.0,250.0,1.2179590948604435
432.0,250.0,1.217953563546031
432.0,250.0,1.2181046593126394
433.0,250.0,1.2182127985909923
434.0,250.0,1.2182570855963604
434.0,250.0,1.2183423993973526
435.0,250.0,1.2183750522773724
436.0,250.0,1.2182736642051626
437.0,250.0,1.2182637140590664
437.0,250.0,1.2182830450744917
438.0,250.0,1.2184157325192804
439.0,250.0,1.218559838342742
440.0,250.0,1.218718908310352
441.0,250.0,1.218726506806354
441.0,250.0,1.218787000837929
442.0,250.0,1.2189826639560062
443.0,250.0,1.2190728130420554
443.0,250.0,1.219132266687665
445.0,250.0,1.219203755328404
445.0,250.0,1.2193038731793182
446.0,250.0,1.219463740333727
446.0,250.0,1.2195364075062565
447.0,250.0,1.2196709551517295
448.0,250.0,1.219917522004886
448.0,250.0,1.2199898282179371
449.0,250.0,1.2200633900426674
451.0,250.0,1.2200816622345627
451.0,250.0,1.2201673947086844
450.0,250.0,1.220254196788007
451.0,250.0,1.22036283865985
451.0,250.0,1.220446574486256
451.0,250.0,1.2206821976487283
451.0,250.0,1.220867530951861
450.0,250.0,1.220748441618014
451.0,250.0,1.220784503340817
451.0,250.0,1.2207127048855857
451.0,250.0,1.2208166772065892
451.0,250.0,1.2205522846948678
451.0,250.0,1.2203807784319851
451.0,250.0,1.2203868953542258
451.0,250.0,1.2203952202313464
451.0,250.0,1.2201581678632294
451.0,250.0,1.2201951811138128
450.0,250.0,1.2198316321319558
451.0,250.0,1.219635836802503
451.0,250.0,1.2194776495728945
451.0,250.0,1.2191145294342731
451.0,250.0,1.2188452885454646
451.0,249.0,1.2186924829779548
450.0,248.0,1.2184901252348574
451.0,247.0,1.2183243018866503
451.0,247.0,1.2180858333596167
451.0,246.0,1.217927411062396
451.0,246.0,1.217586558245798
450.0,244.0,1.2172035702052986
450.0,243.0,1.2169432148858124
451.0,243.0,1.2165929410177747
451.0,242.0,1.2163129766697711
450.0,241.0,1.2159974833856655
451.0,241.0,1.2158404125799844
451.0,241.0,1.2156312684317592
451.0,239.0,1.2153362036284796
451.0,238.0,1.2152386556432475
451.0,238.0,1.2149586222336577
451.0,238.0,1.2147082761556036
450.0,237.0,1.2144012929849768
451.0,236.0,1.2140741281794318
451.0,235.0,1.2138106877164545
451.0,234.0,1.2136068531335649
450.0,233.0,1.2133140058210543
451.0,232.0,1.213046914493958
451.0,232.0,1.2127695541233945
450.0,231.0,1.2124520091053876
450.0,230.0,1.2121259471107784
451.0,229.0,1.2116800551539957
451.0,228.0,1.2113425314728252
450.0,228.0,1.2109989744273657
450.0,227.0,1.2106730553352003
450.0,227.0,1.210222692608978
450.0,225.0,1.209791331581548
451.0,225.0,1.2095372573556311
450.0,224.0,1.2090954244488836
451.0,224.0,1.2086912426780625
451.0,223.0,1.2081711716005747
451.0,222.0,1.2077442852611333
451.0,221.0,1.2072833908580891
450.0,220.0,1.2067038270854105
451.0,219.0,1.2061597589071955
451.0,219.0,1.2058155296607804
451.0,218.0,1.2054820314161994
451.0,217.0,1.2049948674713762
451.0,217.0,1.20451655231135
451.0,216.0,1.2041556467642254
451.0,216.0,1.2034442601643027
451.0,214.0,1.203025021246094
451.0,214.0,1.202553222315201
451.0,213.0,1.2020578154430182
452.0,212.0,1.2016389506895695
453.0,211.0,1.2012059878138537
453.0,211.0,1.2005257074224516
454.0,210.0,1.1999529885160212
455.0,209.0,1.1994001285644935
456.0,208.0,1.1987914666468962
457.0,208.0,1.1982905507031605
457.0,207.0,1.1978149993656444
458.0,206.0,1.197327017327546
459.0,206.0,1.1968083146615742
459.0,205.0,1.196346365308248
460.0,205.0,1.1957644842237387
462.0,203.0,1.1953901722121418
462.0,203.0,1.194826354685131
463.0,202.0,1.1944159480621042
463.0,202.0,1.194010561213025
464.0,201.0,1.1935146708870834
465.0,200.0,1.1930164638155756
465.0,200.0,1.1925524836348242
467.0,200.0,1.1922609194317846
467.0,200.0,1.191906236630362
468.0,200.0,1.1917070099661116
468.0,200.0,1.1914265614848325
469.0,200.0,1.1910827096422083
470.0,200.0,1.190858974585922
471.0,200.0,1.190463057079297
471.0,200.0,1.190340172370696
472.0,200.0,1.1901220349270394
473.0,200.0,1.1899949604972675
474.0,200.0,1.1899066446577242
474.0,200.0,1.189852733312054
476.0,200.0,1.1898204088199928
476.0,200.0,1.1897809705088194
477.0,200.0,1.1899374608936526
478.0,200.0,1.1898722073884769
478.0,200.0,1.189891915218779
479.0,200.0,1.1899065616886877
480.0,200.0,1.1898638947200133
481.0,200.0,1.189778650569523
481.0,200.0,1.1897142382385528
481.0,200.0,1.1899494952092655
481.0,200.0,1.1900614168609454
481.0,200.0,1.1901639650047309
481.0,200.0,1.190136814786153
481.0,200.0,1.1902446197647485
481.0,200.0,1.1902536549184326
481.0,200.0,1.1903138838930412
481.0,200.0,1.190453310652424
481.0,200.0,1.1906210487438869
479.0,200.0,1.1907948490791156
479.0,200.0,1.190945367074993
478.0,200.0,1.1911166553034922
478.0,200.0,1.19133819955138
476.0,200.0,1.191557386894241
476.0,200.0,1.1917770091280404
474.0,200.0,1.191993129108108
474.0,200.0,1.1924044675529195
473.0,200.0,1.1926304431809067
473.0,200.0,1.1928847282156756
472.0,201.0,1.1932102692471822
471.0,202.0,1.193389930190805
470.0,203.0,1.1936956475116955
470.0,203.0,1.194119696391625
469.0,204.0,1.1944335041562404
468.0,205.0,1.1948705013928704
468.0,206.0,1.1952965247229572
467.0,206.0,1.1959235010078106
466.0,208.0,1.1964893197353017
465.0,208.0,1.1971521448276028
464.0,209.0,1.197872791048355
463.0,210.0,1.1984630261386178
463.0,210.0,1.1990589089219197
462.0,211.0,1.1995556256991962
461.0,212.0,1.2001652440370976
460.0,213.0,1.2008388983667535
460.0,213.0,1.2013764798068771
459.0,214.0,1.2021267324739815
459.0,214.0,1.2025943422273166
458.0,215.0,1.203244002129013
457.0,216.0,1.2038454684815918
456.0,217.0,1.2043079431242791
456.0,218.0,1.2048100046658767
455.0,219.0,1.2052648457268291
454.0,219.0,1.2057903118982034
454.0,220.0,1.2061660433757002
452.0,221.0,1.2065218439827354
451.0,222.0,1.2069218420121357
451.0,222.0,1.2070762265055557
450.0,223.0,1.207325096898996
449.0,224.0,1.2075709613126862
449.0,224.0,1.2077499414934376
448.0,225.0,1.2080882142515974
447.0,226.0,1.208459497202513
446.0,227.0,1.2087934379486234
446.0,227.0,1.2091064921967376
445.0,228.0,1.2093123098143508
445.0,229.0,1.2095268585923526
444.0,230.0,1.2097693552513933
443.0,231.0,1.2100546692562406
442.0,231.0,1.210362086570336
441.0,232.0,1.2105709305758623
440.0,233.0,1.2107281531177096
440.0,233.0,1.2109766231623311
439.0,234.0,1.2110705245417508
437.0,236.0,1.2113416503430148
437.0,237.0,1.2116504994902209
435.0,238.0,1.211913891231823
435.0,239.0,1.2120519607917224
434.0,239.0,1.2123117138778623
433.0,241.0,1.2124782464380566
431.0,242.0,1.2128481472285613
431.0,243.0,1.2131650111665897
429.0,244.0,1.2133997809235484
429.0,245.0,1.2136638568935594
427.0,246.0,1.2141260501482196
427.0,247.0,1.2146336724273197
425.0,249.0,1.2149929940654087
424.0,249.0,1.2152753990349436
423.0,250.0,1.2155595307027052
422.0,251.0,1.2157003455116475
421.0,252.0,1.21598491499227
420.0,253.0,1.2163752378987909
420.0,255.0,1.2166912404583057
420.0,256.0,1.2171092744115095
420.0,257.0,1.2174962866881185
420.0,258.0,1.217851352284168
420.0,258.0,1.2183105933088796
420.0,260.0,1.2186905743277023
420.0,261.0,1.2190902039908882
420.0,262.0,1.2194253667125805
420.0,263.0,1.2197495748939662
420.0,264.0,1.2200512914447377
420.0,265.0,1.2202618476974272
420.0,266.0,1.2205244712902603
420.0,267.0,1.2207926934243971
420.0,268.0,1.2209542578992436
420.0,269.0,1.2211399682890598
420.0,270.0,1.2212400991867025
420.0,271.0,1.221606458107629
420.0,272.0,1.2217988138348257
420.0,274.0,1.2220847017145056
420.0,275.0,1.2227161988945094
420.0,275.0,1.2230584233390045
420.0,277.0,1.2233342375137306
420.0,277.0,1.2234591187567938
420.0,278.0,1.2235134041539717
420.0,280.0,1.2237156088471697
420.0,281.0,1.2238589718678494
420.0,282.0,1.224078780764993
420.0,283.0,1.2242982416361343
420.0,284.0,1.2245063007088195
420.0,285.0,1.2247789142448
420.0,286.0,1.2249964494862673
420.0,287.0,1.2252096987664212
420.0,288.0,1.225418413160703
420.0,289.0,1.2256223437444125
420.0,290.0,1.2258212415928469
420.0,291.0,1.2260148577813057
420.0,293.0,1.2262029433850876
420.0,294.0,1.2263852494794911
420.0,294.0,1.226561527139815
420.0,296.0,1.2267315274413575
420.0,296.0,1.2268950014594184
420.0,297.0,1.2270517002692956
420.0,299.0,1.2272013749462878
420.0,300.0,1.2273437765656936
420.0,301.0,1.2274786562028122
420.0,302.0,1.227605764932942
420.0,303.0,1.2277248538313814
420.0,304.0,1.2278356739734295
420.0,305.0,1.2279379764343847
420.0,306.0,1.2280315122895462
420.0,307.0,1.228116032614212
420.0,308.0,1.2281912884836812
420.0,309.0,1.2282570309732526
420.0,310.0,1.2283130111582243
420.0,311.0,1.2283589801138957
0.0,0.0,2.586293189384746e-05
0.0,0.0,0.0001699631257196
0.0,0.0,0.0002912385575066
0.0,0.0,0.0003905608426772
0.0,0.0,0.000468801596654
0.0,0.0,0.0005268324348596
0.0,0.0,0.0005655249727164
0.0,0.0,0.000585750825647
0.0,0.0,0.0005883816090739
0.0,0.0,0.0005742889384196
0.0,0.0,0.0005443444291067
0.0,0.0,0.0004994196965577
0.0,0.0,0.0004403863561951
0.0,0.0,0.0003681160234415
0.0,0.0,0.0002834803137193
0.0,0.0,0.0001873508424511
0.0,0.0,8.059922505956887e-05
0.0,0.0,3.590292303299657e-05
0.0,0.0,0.0001612839864039
0.0,0.0,0.0002946723496308
0.0,0.0,0.000435196397291
0.0,0.0,0.000581984513962
0.0,0.0,0.0007341650842214
0.0,0.0,0.0008908664926465
0.0,0.0,0.0010512171238149
0.0,0.0,0.0012143453623038
0.0,0.0,0.0013605454855314
0.0,0.0,0.0015628786539661
0.0,0.0,0.0017253289216069
0.0,0.0,0.0018873165697739
0.0,0.0,0.0019875139126758
0.0,0.0,0.0021396982725622
0.0,0.0,0.0022170786235888
0.0,0.0,0.0023081887717309
0.0,0.0,0.0025162510323296
0.0,0.0,0.0026510442452229
0.0,0.0,0.0027759305290746
0.0,0.0,0.002940524741427
0.0,0.0,0.0030725267928767
0.0,0.0,0.0032019784284233
0.0,0.0,0.0033251588973284
0.0,0.0,0.003432906337609
0.0,0.0,0.0034700738633434
0.0,0.0,0.003475991108272
0.0,0.0,0.0035346140396872
0.0,0.0,0.0036014332949036
0.0,0.0,0.0036277389042368
0.0,0.0,0.0036210175997259
0.0,0.0,0.0036142830641686
0.0,0.0,0.0034959539060903
0.0,0.0,0.0034273210944751
0.0,0.0,0.0033150380529566
0.0,0.0,0.0032700604090689
0.0,0.0,0.0031997706403312
0.0,0.0,0.0031988371650543
0.0,0.0,0.0031165620738857
0.0,0.0,0.0030585276450199
0.0,0.0,0.0030994903168811
0.0,0.0,0.0030969891503767
0.0,0.0,0.0031016308183647
0.0,0.0,0.0030566966862213
0.0,0.0,0.0029879330222651
0.0,0.0,0.0029585514734192
0.0,0.0,0.0029123675281429
0.0,0.0,0.0029198881514866
0.0,0.0,0.00286277933815
0.0,0.0,0.0028246810573282
0.0,0.0,0.0027419885841125
0.0,0.0,0.002666020612018
0.0,0.0,0.0026132517384309
0.0,0.0,0.0025448187048401
0.0,0.0,0.0024905081428795
0.0,0.0,0.0023646049287636
0.0,0.0,0.0022899263856483
0.0,0.0,0.0022114158191575
0.0,0.0,0.0022062088156014
0.0,0.0,0.0021705469433053
0.0,0.0,0.0020939377788848
0.0,0.0,0.0020741640807263
0.0,0.0,0.002124923033364
0.0,0.0,0.0021854270764907
0.0,0.0,0.0022482388276062
0.0,0.0,0.0023695326734464
0.0,0.0,0.0025836854288882
0.0,0.0,0.0027529932274793
0.0,0.0,0.0029523042877524
0.0,0.0,0.0031498670638062
0.0,0.0,0.0034132288387048
0.0,0.0,0.0035933447190192
0.0,0.0,0.0038472397562794
0.0,0.0,0.0041147392919427
0.0,0.0,0.0043979298285346
0.0,0.0,0.0046762033341633
0.0,0.0,0.0050288744252412
0.0,0.0,0.0053682013635636
0.0,0.0,0.0056300215859922
1.0,0.0,0.0058619468164617
1.0,0.0,0.006171942694058
3.0,0.0,0.0064529711431734
3.0,0.0,0.0067365077351687
3.0,0.0,0.0070591012933467
3.0,0.0,0.0072821687467431
3.0,0.0,0.0075694160683132
3.0,0.0,0.0078167039797041
3.0,0.0,0.0080264590817449
3.0,0.0,0.0082557087136731
3.0,0.0,0.008461902783754
3.0,0.0,0.0087106344424552
3.0,0.0,0.0088867384085699
3.0,0.0,0.0090880874085472
3.0,0.0,0.00921258692156
3.0,0.0,0.0093093932591893
3.0,0.0,0.0094073793517396
3.0,0.0,0.0094572183288398
3.0,0.0,0.0094436504111067
3.0,0.0,0.0094146811705803
3.0,0.0,0.0094322787832102
3.0,0.0,0.0094318108450916
3.0,0.0,0.0094517773222485
3.0,0.0,0.0095267889193402
3.0,0.0,0.0095325795148236
3.0,0.0,0.0095383492264819
3.0,0.0,0.0096146966862205
3.0,0.0,0.0096695528551031
3.0,0.0,0.0098006698226448
3.0,0.0,0.0099198988425547
3.0,0.0,0.0101157216471482
3.0,0.0,0.0103646290063182
3.0,0.0,0.010653684704069
3.0,0.0,0.01085964259666
3.0,0.0,0.0110963005277569
3.0,0.0,0.0113261213617509
3.0,0.0,0.0116531831072037
3.0,0.0,0.0118922949557167
3.0,0.0,0.0121071022673206
4.0,0.0,0.0124049487417594
5.0,0.0,0.0126950175315394
6.0,0.0,0.0129788419216728
6.0,0.0,0.0132397608779345
7.0,0.0,0.0135396483272538
8.0,0.0,0.0138489704863061
8.0,0.0,0.0140985925842018
8.0,0.0,0.0143157460871124
8.0,0.0,0.0145529508482621
8.0,0.0,0.0147282591678163
8.0,0.0,0.0149238756030696
8.0,0.0,0.0151332327799026
8.0,0.0,0.0153085689370069
8.0,0.0,0.0154549471335686
8.0,0.0,0.0155848068359401
8.0,0.0,0.015739479716413
8.0,0.0,0.0157965821196384
8.0,0.0,0.0158880235792411
8.0,0.0,0.0160130610432833
8.0,0.0,0.0160570935695014
8.0,0.0,0.016203738250015
8.0,0.0,0.0161934665111308
8.0,0.0,0.016250683458287
8.0,0.0,0.0162422033568125
8.0,0.0,0.0162311928242976
8.0,0.0,0.0161283866905233
8.0,0.0,0.0161028476975677
8.0,0.0,0.0160815712926661
8.0,0.0,0.016056218963055
8.0,0.0,0.0159922211148591
8.0,0.0,0.0160277080794563
8.0,0.0,0.0159999394323748
8.0,0.0,0.0159904796711118
8.0,0.0,0.0159634037917034
8.0,0.0,0.0158752671634673
8.0,0.0,0.0157364069174821
8.0,0.0,0.0156282628825096
8.0,0.0,0.015595609300322
8.0,0.0,0.0154983397358925
8.0,0.0,0.015445721148835
8.0,0.0,0.0154144312894951
8.0,0.0,0.0154466989059756
8.0,0.0,0.015397624091144
8.0,0.0,0.0153710625608716
8.0,0.0,0.0153413293166305
7.0,0.0,0.0154363655122408
7.0,0.0,0.0154483085687086
8.0,0.0,0.0155446689619225
8.0,0.0,0.0156293196221866
8.0,0.0,0.0158261248272875
8.0,0.0,0.0160760512808878
7.0,0.0,0.0164329843258038
7.0,0.0,0.0168281677727675
7.0,0.0,0.0172993651951326
8.0,0.0,0.0177323225441099
8.0,0.0,0.0183157064939161
9.0,0.0,0.018847366214408
10.0,0.0,0.0194499439851389
10.0,0.0,0.0201351154273006
11.0,0.0,0.0207999228068561
12.0,0.0,0.0215162296314727
13.0,0.0,0.0222727437994039
14.0,0.0,0.0230362680468386
14.0,0.0,0.0238763764071638
15.0,0.0,0.0247315940111864
15.0,0.0,0.0255837692812944
17.0,0.0,0.0263666396973853
17.0,0.0,0.0272748822396851
18.0,0.0,0.0281911588257911
19.0,0.0,0.0290009876554361
20.0,0.0,0.0299229544723514
20.0,0.0,0.030660812113521
21.0,0.0,0.0314528070171428
22.0,0.0,0.0321660146096136
22.0,0.0,0.0328582849894636
22.0,0.0,0.0335175094792594
23.0,0.0,0.0341993460780498
23.0,0.0,0.0347837996104061
23.0,0.0,0.035253913248314
23.0,0.0,0.0356498344922833
23.0,0.0,0.0360548855466672
23.0,0.0,0.0363175347799454
23.0,0.0,0.036585145779062
23.0,0.0,0.0368053383315547
23.0,0.0,0.0369494507236813
23.0,0.0,0.0371463469161206
22.0,0.0,0.0372468964642417
23.0,0.0,0.0372875939205827
23.0,0.0,0.0373253025889557
23.0,0.0,0.0373176683956557
22.0,0.0,0.037297450474525
23.0,0.0,0.0372504571564431
23.0,0.0,0.0372260640105055
23.0,0.0,0.0371240454823395
23.0,0.0,0.0370415897755285
23.0,0.0,0.0369631927336929
23.0,0.0,0.0368861272055949
23.0,0.0,0.0369284304514215
22.0,0.0,0.0369011945230879
23.0,0.0,0.0368549562843962
23.0,0.0,0.0368927338784527
23.0,0.0,0.0369680535685929
23.0,0.0,0.0369787398129019
23.0,0.0,0.0369872772203177
23.0,0.0,0.0369065254252601
23.0,0.0,0.0369302108088475
23.0,0.0,0.0369011450995449
23.0,0.0,0.0369451353824505
23.0,0.0,0.0369779336564771
23.0,0.0,0.0369831762440782
23.0,0.0,0.0369854135087954
23.0,0.0,0.0369938752859591
23.0,0.0,0.0369904074610933
23.0,0.0,0.0369801093342954
23.0,0.0,0.0369407189064261
23.0,0.0,0.0369720784162678
23.0,0.0,0.0369561285419785
22.0,0.0,0.0369986484631545
23.0,0.0,0.0369782591451631
23.0,0.0,0.036907908922055
23.0,0.0,0.0369009366010512
22.0,0.0,0.0367828371423998
23.0,0.0,0.0367533516953908
23.0,0.0,0.036693994405305
23.0,0.0,0.0366433022038961
23.0,0.0,0.0365987968243858
23.0,0.0,0.0365858809712521
23.0,0.0,0.0365271340913681
23.0,0.0,0.0364483862375096
23.0,0.0,0.0364004051507352
23.0,0.0,0.0363573477541917
22.0,0.0,0.0362775580420805
23.0,0.0,0.0362532885229521
23.0,0.0,0.0361936589503683
23.0,0.0,0.0360677657251537
23.0,0.0,0.036033414165662
23.0,0.0,0.0358837860200642
23.0,0.0,0.0357608070171423
23.0,0.0,0.0357113690910284
23.0,0.0,0.0356375236811664
23.0,0.0,0.0355432492242138
23.0,0.0,0.0355678329973457
23.0,0.0,0.0355512293143631
23.0,0.0,0.0355532596208253
23.0,0.0,0.0355744820041182
23.0,0.0,0.0356120864572202
23.0,0.0,0.0356858255453082
23.0,0.0,0.0357380730480829
23.0,0.0,0.035806405694349
23.0,0.0,0.0359486840698501
23.0,0.0,0.0361975204194843
23.0,0.0,0.0364097865183766
23.0,0.0,0.036675297311373
23.0,0.0,0.0370037147160707
23.0,0.0,0.0373834734195521
23.0,0.0,0.0378727313189382
22.0,0.0,0.038382690638515
23.0,0.0,0.0388409448458583
23.0,0.0,0.0393867113411356
25.0,0.0,0.039984778953086
25.0,0.0,0.0406148495549115
26.0,0.0,0.0413086775238349
26.0,0.0,0.0420607226437695
27.0,0.0,0.0428036712496269
28.0,0.0,0.0436418596797158
29.0,0.0,0.0445146002174402
29.0,0.0,0.0453677638678059
31.0,0.0,0.0463186553715771
31.0,0.0,0.0472803030419659
32.0,0.0,0.048311193186703
32.0,0.0,0.0494261382590714
33.0,0.0,0.0505760637839982
34.0,0.0,0.051719631294021
34.0,0.0,0.0528336232077675
35.0,0.0,0.0540392853745208
36.0,0.0,0.0553046655416819
37.0,0.0,0.0564871063444179
38.0,0.0,0.0576491247366804
39.0,0.0,0.0587837071960791
42.0,0.0,0.0599134371559874
42.0,0.0,0.0610641919862213
43.0,0.0,0.0621589215384194
44.0,0.0,0.0631524945978317
45.0,0.0,0.0640860032843251
45.0,0.0,0.0649129434641705
46.0,0.0,0.0657545163650289
46.0,0.0,0.0665283173571237
48.0,0.0,0.0673033623864561
48.0,0.0,0.0680383844028097
49.0,0.0,0.0687153506081597
50.0,0.0,0.0693670830143297
50.0,0.0,0.069999836032518
50.0,0.0,0.0705219824004991
50.0,0.0,0.071003585698422
50.0,0.0,0.0714416550091651
50.0,0.0,0.0717721032865892
50.0,0.0,0.07216262458945
50.0,0.0,0.0724536017803263
50.0,0.0,0.0728353802577549
50.0,0.0,0.0730889010623031
50.0,0.0,0.0733369910303658
50.0,0.0,0.0735488776416141
50.0,0.0,0.0737532232440059
50.0,0.0,0.0738827243652091
50.0,0.0,0.0739752840607854
50.0,0.0,0.0740183921493039
50.0,0.0,0.0740009864549507
50.0,0.0,0.0740095187433377
50.0,0.0,0.0739812773109157
50.0,0.0,0.0739604699087095
50.0,0.0,0.073904310403398
50.0,0.0,0.0738487752610392
50.0,0.0,0.0738022927586042
50.0,0.0,0.0736835847017966
50.0,0.0,0.0736668289881904
50.0,0.0,0.0736063668033165
50.0,0.0,0.0735929038709737
50.0,0.0,0.0735648637115137
50.0,0.0,0.0735765607374939
50.0,0.0,0.0736557912070402
50.0,0.0,0.0736924264422664
50.0,0.0,0.0736850080635942
50.0,0.0,0.0736133412534739
50.0,0.0,0.0735724093637369
50.0,0.0,0.0736311051892369
50.0,0.0,0.0736064172687857
50.0,0.0,0.0734592603456391
50.0,0.0,0.0734198450927455
50.0,0.0,0.0732912875942744
50.0,0.0,0.0732181764026279
50.0,0.0,0.0731569450044083
50.0,0.0,0.0730484928537367
50.0,0.0,0.0728985800584299
50.0,0.0,0.0728735027746862
50.0,0.0,0.072855685270326
50.0,0.0,0.072926389884247
50.0,0.0,0.0729632467552973
50.0,0.0,0.0730928761466765
50.0,0.0,0.0732316096174233
50.0,0.0,0.0734275808738504
50.0,0.0,0.0736559100092781
50.0,0.0,0.0738977856803012
50.0,0.0,0.0741314984257767
50.0,0.0,0.0744550177580379
50.0,0.0,0.074811980747007
50.0,0.0,0.07518100790504
50.0,0.0,0.0757703161566425
50.0,0.0,0.07625050850528
51.0,0.0,0.0768731701963714
52.0,0.0,0.0774775133298512
53.0,0.0,0.0780958026455774
53.0,0.0,0.0787310872726357
54.0,0.0,0.0794967447733717
54.0,0.0,0.0802362730526079
56.0,0.0,0.0810455369543949
56.0,0.0,0.0819292508550494
57.0,0.0,0.0828358714353569
57.0,0.0,0.0838618941538782
59.0,0.0,0.0849021721216689
59.0,0.0,0.0860061819973172
60.0,0.0,0.0871260707603694
61.0,0.0,0.0883098254320493
62.0,0.0,0.0894754096355418
62.0,0.0,0.0907444340302052
63.0,0.0,0.0921292221114753
64.0,0.0,0.0934613328727608
64.0,0.0,0.0947334174726384
65.0,0.0,0.0959654801920656
66.0,0.0,0.0972026912727241
67.0,0.0,0.0984354268273232
67.0,0.0,0.0996175709981989
68.0,0.0,0.1007067457926449
68.0,0.0,0.1017552054406549
70.0,0.0,0.102803312804355
70.0,0.0,0.1038067168225659
71.0,0.0,0.1046954480962073
72.0,0.0,0.1055909414256145
73.0,0.0,0.106429697433678
73.0,0.0,0.107228331830833
74.0,0.0,0.1080091176470462
75.0,0.0,0.1086519864549466
75.0,0.0,0.1092581157217476
75.0,0.0,0.1098477109107665
75.0,0.0,0.1103491067747725
75.0,0.0,0.1108379726380989
75.0,0.0,0.1112837030963198
75.0,0.0,0.1116151940021161
75.0,0.0,0.1119334937824055
75.0,0.0,0.1121631510339854
75.0,0.0,0.112336899091699
75.0,0.0,0.1124742919431792
75.0,0.0,0.1126117807424725
75.0,0.0,0.1126510339531907
75.0,0.0,0.1127330254818777
75.0,0.0,0.1127157786586201
75.0,0.0,0.1127183818206396
75.0,0.0,0.112677140524121
75.0,0.0,0.1125190232847724
75.0,0.0,0.1124586200593313
75.0,0.0,0.1122943442433446
75.0,0.0,0.112197969149911
75.0,0.0,0.1120916843869492
75.0,0.0,0.1120574323087595
75.0,0.0,0.1119340879521489
75.0,0.0,0.1119256575686747
75.0,0.0,0.1118608781852233
75.0,0.0,0.1118548633717507
75.0,0.0,0.1118609264309366
75.0,0.0,0.1118479647330499
75.0,0.0,0.1118402114657053
75.0,0.0,0.1118932387143406
75.0,0.0,0.1119467589752751
75.0,0.0,0.1119942516478158
75.0,0.0,0.1121343986273624
75.0,0.0,0.1121501519400082
75.0,0.0,0.1121526666742037
75.0,0.0,0.1121106990192172
75.0,0.0,0.1121380935694901
75.0,0.0,0.1121675511109973
75.0,0.0,0.1122257849101773
75.0,0.0,0.1122717776846456
75.0,0.0,0.1122895577476142
75.0,0.0,0.1123092617046687
75.0,0.0,0.1123725474189544
75.0,0.0,0.1124099142902312
75.0,0.0,0.1123807075811325
75.0,0.0,0.1123702531654039
75.0,0.0,0.1122981960859684
75.0,0.0,0.1122031519173576
75.0,0.0,0.1120546762327441
75.0,0.0,0.111952013522377
75.0,0.0,0.1119305801263771
75.0,0.0,0.1118883407778075
75.0,0.0,0.1118179010622986
75.0,0.0,0.1118587571179284
75.0,0.0,0.1117903573353739
75.0,0.0,0.1117383387845573
75.0,0.0,0.1117493001200349
75.0,0.0,0.1118231332079871
75.0,0.0,0.1117914117646928
75.0,0.0,0.1119096000362278
75.0,0.0,0.1120275148021341
75.0,0.0,0.1121554408706748
75.0,0.0,0.1123292023828268
75.0,0.0,0.1126239151056517
75.0,0.0,0.1129648110036335
75.0,0.0,0.1133211037622463
75.0,0.0,0.1136959357403206
75.0,0.0,0.1141895209404383
76.0,0.0,0.1146392305601351
76.0,0.0,0.1152568968945934
77.0,0.0,0.115847554576534
78.0,0.0,0.1165633692042719
79.0,0.0,0.1172479442116332
79.0,0.0,0.1180229067249403
81.0,0.0,0.1188287272191756
81.0,0.0,0.1196857282158006
82.0,0.0,0.1206141993249989
83.0,0.0,0.1216285068970842
83.0,0.0,0.1226822364266318
84.0,0.0,0.1236901165824676
85.0,0.0,0.124833467100033
86.0,0.0,0.1260654785159199
86.0,0.0,0.1272662506738395
87.0,0.0,0.1285508529751373
87.0,0.0,0.1298892956805211
88.0,0.0,0.1312131790753884
89.0,0.0,0.1324930371695693
90.0,0.0,0.1337619578925754
91.0,0.0,0.1351404906339736
91.0,0.0,0.1364764542571586
92.0,0.0,0.137741421912145
92.0,0.0,0.1388960491290694
94.0,0.0,0.1400364779270035
94.0,0.0,0.1411351127998204
95.0,0.0,0.142200427461534
96.0,0.0,0.1432241490180811
97.0,0.0,0.1442182092685962
97.0,0.0,0.1451391581462604
98.0,0.0,0.1460202730752507
99.0,0.0,0.1469384147319133
100.0,0.0,0.1477492817504188
100.0,0.0,0.1484182627692413
100.0,0.0,0.1490210110534605
100.0,0.0,0.1495639345851373
100.0,0.0,0.1499747705497118
100.0,0.0,0.1503758251828857
100.0,0.0,0.150723845432495
100.0,0.0,0.1510788317289003
100.0,0.0,0.1513251954290974
100.0,0.0,0.1516144818455507
100.0,0.0,0.1517848709823374
100.0,0.0,0.1519905966386376
100.0,0.0,0.1520744537814948
100.0,0.0,0.1522520021291357
100.0,0.0,0.1522986237060684
100.0,0.0,0.1522629703730371
100.0,0.0,0.1522605863099779
100.0,0.0,0.1522641718725048
100.0,0.0,0.1522675557317089
100.0,0.0,0.1522761168542711
100.0,0.0,0.1522365473283475
100.0,0.0,0.1521330959251447
100.0,0.0,0.1520320692201231
100.0,0.0,0.1519921832204402
100.0,0.0,0.1518875879861201
100.0,0.0,0.1517019664544886
100.0,0.0,0.1516576207614944
100.0,0.0,0.1515197272418224
100.0,0.0,0.1513305934449074
100.0,0.0,0.1511793882760475
100.0,0.0,0.1511498021246058
100.0,0.0,0.1510454630908791
100.0,0.0,0.1510083967020594
100.0,0.0,0.1510133766789558
100.0,0.0,0.150985048336298
100.0,0.0,0.1509841362658094
100.0,0.0,0.1509511069786229
100.0,0.0,0.1510813306529982
100.0,0.0,0.1512004350494738
100.0,0.0,0.1512681635823964
100.0,0.0,0.1514870812475756
100.0,0.0,0.1517356920881383
100.0,0.0,0.1520425950077966
100.0,0.0,0.1523540574644774
100.0,0.0,0.152688074746862
100.0,0.0,0.1530636094815106
100.0,0.0,0.1536077031642666
100.0,0.0,0.154135900201572
100.0,0.0,0.1546719158531156
101.0,0.0,0.1553158351491358
103.0,0.0,0.1559153544587464
103.0,0.0,0.1565574560239007
104.0,0.0,0.1572793376067224
104.0,0.0,0.1580347491675731
105.0,0.0,0.158891713900636
106.0,0.0,0.1598158251149329
106.0,0.0,0.1608423882307452
107.0,0.0,0.1619015330358369
109.0,0.0,0.1629556803777924
109.0,0.0,0.1640913253301129
110.0,0.0,0.165298089197924
111.0,0.0,0.1666126790414084
111.0,0.0,0.1678494868286741
112.0,0.0,0.1691373835647269
113.0,0.0,0.1704199874968656
114.0,0.0,0.1716490390722126
114.0,0.0,0.1730092273663981
115.0,0.0,0.1743001896078983
115.0,0.0,0.1755753000520758
117.0,0.0,0.1767904699539987
118.0,0.0,0.1779772787831906
119.0,0.0,0.1791826480101265
119.0,0.0,0.1802641484291619
120.0,0.0,0.1812686057894644
120.0,0.0,0.1822592733244028
122.0,0.0,0.1832210685179518
122.0,0.0,0.184162210038711
123.0,0.0,0.1849997813313789
123.0,0.0,0.1857534347323618
124.0,0.0,0.1865955298874049
125.0,0.0,0.1873118651158358
125.0,0.0,0.1879031071371726
125.0,0.0,0.1885341582595082
125.0,0.0,0.1890571806609215
125.0,0.0,0.1895365036127437
125.0,0.0,0.1899356976601739
125.0,0.0,0.1902913544134413
125.0,0.0,0.1906740149267031
125.0,0.0,0.1909074457631886
125.0,0.0,0.1912149209041884
125.0,0.0,0.1915112344786748
125.0,0.0,0.1916128158508463
125.0,0.0,0.1917027804706564
125.0,0.0,0.191798190513919
125.0,0.0,0.1918615468073798
125.0,0.0,0.191932164352511
125.0,0.0,0.191989937235249
125.0,0.0,0.1919235616208523
125.0,0.0,0.1919190959477907
125.0,0.0,0.1918403351378063
125.0,0.0,0.1917655443611182
125.0,0.0,0.1915908576637978
125.0,0.0,0.1915029923667356
125.0,0.0,0.1914632854877576
125.0,0.0,0.191352772339102
125.0,0.0,0.191239100251399
125.0,0.0,0.1910937068336545
125.0,0.0,0.1909250371242613
125.0,0.0,0.1907589274049019
125.0,0.0,0.1906778597929515
125.0,0.0,0.1906069389113913
125.0,0.0,0.1905861365376116
125.0,0.0,0.1904348018074932
125.0,0.0,0.1904112835398088
125.0,0.0,0.1905053141180777
125.0,0.0,0.1906002796665613
125.0,0.0,0.1908198927721809
125.0,0.0,0.1910082790549959
125.0,0.0,0.1912307626220076
125.0,0.0,0.1914633720808855
125.0,0.0,0.1918324351174208
125.0,0.0,0.1921757213073684
125.0,0.0,0.1925123411175566
125.0,0.0,0.1929851235814855
125.0,0.0,0.1935436324944846
125.0,0.0,0.1941811798908015
126.0,0.0,0.1947727256562774
126.0,0.0,0.1954146165258328
127.0,0.0,0.1961515649731361
128.0,0.0,0.1970002138893063
129.0,0.0,0.1977222902443765
130.0,0.0,0.1985162789417421
130.0,0.0,0.1994409118439596
131.0,0.0,0.2003874317651355
131.0,0.0,0.2013486887811493
133.0,0.0,0.2023648118643447
133.0,0.0,0.2034933218872217
134.0,0.0,0.2046700538630308
135.0,0.0,0.2058422656911581
136.0,0.0,0.2070954371559702
136.0,0.0,0.2083404396022316
137.0,0.0,0.2095733257378178
138.0,0.0,0.2109014753448303
139.0,0.0,0.2121515795601011
139.0,0.0,0.2134737736075313
140.0,0.0,0.2147492405263741
141.0,0.0,0.2159762855557065
142.0,0.0,0.2171760240775302
142.0,0.0,0.2184648518878995
143.0,0.0,0.2195786408978429
144.0,0.0,0.2206866730390012
145.0,0.0,0.2217350478379772
145.0,0.0,0.2227965328319747
146.0,0.0,0.2237479406554813
147.0,0.0,0.2245731710797264
148.0,0.0,0.2254164918570939
148.0,0.0,0.2261778373009317
149.0,0.0,0.2270002850800432
150.0,0.0,0.2277756117465588
150.0,0.0,0.228446710684247
150.0,0.0,0.229082240549023
150.0,0.0,0.2296577587034546
150.0,0.0,0.2301757407868539
150.0,0.0,0.2307335098642961
150.0,0.0,0.231262245169739
150.0,0.0,0.2317024303381459
150.0,0.0,0.2320222142743619
150.0,0.0,0.2322574514484768
150.0,0.0,0.2324496742847811
150.0,0.0,0.2326993824774921
150.0,0.0,0.2328833218192665
150.0,0.0,0.2329632943441255
150.0,0.0,0.2331143771999093
150.0,0.0,0.2331944689573671
150.0,0.0,0.233279324582636
150.0,0.0,0.2333760496273709
150.0,0.0,0.2333185024575595
150.0,0.0,0.2333832124396656
150.0,0.0,0.2334335996738045
150.0,0.0,0.2332947198577271
150.0,0.0,0.2331642111938843
150.0,0.0,0.2330466450428956
150.0,0.0,0.2329947958503884
150.0,0.0,0.2329241119617386
150.0,0.0,0.2327921983963125
150.0,0.0,0.232697947722458
150.0,0.0,0.2327169676096582
150.0,0.0,0.2326476288703889
150.0,0.0,0.2325835344854651
150.0,0.0,0.2325942936646085
150.0,0.0,0.2326649697614623
150.0,0.0,0.2326610347232961
150.0,0.0,0.2326962419080568
150.0,0.0,0.2327666667194908
150.0,0.0,0.2330066605132347
150.0,0.0,0.2331145512921877
150.0,0.0,0.2332633371763527
150.0,0.0,0.2335919884708327
150.0,0.0,0.2339532082946112
150.0,0.0,0.2342695420960563
150.0,0.0,0.2346360513035128
150.0,0.0,0.2350798292373278
150.0,0.0,0.2354577577974311
151.0,0.0,0.2361061105347523
152.0,0.0,0.2367044774513302
153.0,0.0,0.2374000011551513
153.0,0.0,0.2381008231443243
155.0,0.0,0.2389157545357486
155.0,0.0,0.239657771772832
156.0,0.0,0.2404179797050615
156.0,0.0,0.2413504608937633
157.0,0.0,0.2422437506625009
158.0,0.0,0.2432328808353246
159.0,0.0,0.2442671362204974
159.0,0.0,0.245380354458736
160.0,0.0,0.2465463503136816
161.0,0.0,0.2476697287820499
162.0,0.0,0.2488967058370227
162.0,0.0,0.2501756666062359
163.0,0.0,0.2514847643660944
164.0,0.0,0.2527657765067996
165.0,0.0,0.2541374002808374
166.0,0.0,0.255432994586484
166.0,0.0,0.2566741389612149
167.0,0.0,0.2579325360483515
168.0,0.0,0.2592468803596608
169.0,0.0,0.2604107892364189
169.0,0.0,0.261616557634344
170.0,0.0,0.2626843019094123
170.0,0.0,0.2637433568823448
172.0,0.0,0.2648425916781498
172.0,0.0,0.2658328309134665
173.0,0.0,0.2667301239891872
173.0,0.0,0.2675623228838393
175.0,0.0,0.2683496633672023
175.0,0.0,0.2691661551337202
175.0,0.0,0.2698934888672135
175.0,0.0,0.2705859805431291
175.0,0.0,0.2712288343337019
175.0,0.0,0.2718477592470633
175.0,0.0,0.272345447190165
175.0,0.0,0.2727643232462478
175.0,0.0,0.2731254431583635
175.0,0.0,0.2735442312622843
175.0,0.0,0.2738663256019069
175.0,0.0,0.2740714249926066
175.0,0.0,0.2742929566467776
175.0,0.0,0.2745967119073724
175.0,0.0,0.2747676758703161
175.0,0.0,0.2748279680853153
175.0,0.0,0.2749477436861215
175.0,0.0,0.2749840341796775
175.0,0.0,0.2749944477111278
175.0,0.0,0.2751070862306866
175.0,0.0,0.2749922284309629
175.0,0.0,0.2749193995107156
175.0,0.0,0.2747954324446439
175.0,0.0,0.2746846283494209
175.0,0.0,0.2745135033635775
175.0,0.0,0.2744068674941354
175.0,0.0,0.2743542453735891
175.0,0.0,0.2742833708803956
175.0,0.0,0.2742708136310808
175.0,0.0,0.2742662017712425
175.0,0.0,0.2742063096106047
175.0,0.0,0.274127996262624
175.0,0.0,0.2739986789507936
175.0,0.0,0.2739008358965908
175.0,0.0,0.2737637586581483
175.0,0.0,0.2736442808443812
175.0,0.0,0.2735585364107588
175.0,0.0,0.2734042097215926
175.0,0.0,0.2733206667194861
175.0,0.0,0.2732997569820062
175.0,0.0,0.2733123788986973
175.0,0.0,0.2733819260232075
175.0,0.0,0.2733808850483271
175.0,0.0,0.2734892054859361
175.0,0.0,0.2736212558608029
175.0,0.0,0.2738037156673671
175.0,0.0,0.2739469957416609
175.0,0.0,0.2740446494144508
175.0,0.0,0.2742340704432396
175.0,0.0,0.2745637076037642
175.0,0.0,0.2749279934313027
175.0,0.0,0.2753396314525489
175.0,0.0,0.2757811869351192
175.0,0.0,0.2762189961267204
176.0,0.0,0.2766949584361723
177.0,0.0,0.277222601802953
177.0,0.0,0.2778105821875595
178.0,0.0,0.2785059309836817
179.0,0.0,0.2792214504518462
180.0,0.0,0.2801465322657038
180.0,0.0,0.2809878365761071
181.0,0.0,0.2819081912160762
182.0,0.0,0.2828644527169028
183.0,0.0,0.2839656020068073
183.0,0.0,0.2850886728577891
184.0,0.0,0.2862550302384771
184.0,0.0,0.2874777481935835
186.0,0.0,0.2887149139504522
186.0,0.0,0.2900081855307822
187.0,0.0,0.2912847768918548
188.0,0.0,0.2926186789507914
189.0,0.0,0.2939309591836391
189.0,0.0,0.2952887706176466
190.0,0.0,0.2966047524065884
191.0,0.0,0.2979864738045814
191.0,0.0,0.2992707778205272
192.0,0.0,0.3005359332487361
193.0,0.0,0.3017685248363144
194.0,0.0,0.302929154408898
195.0,0.0,0.3040614832951694
195.0,0.0,0.3051742862805143
196.0,0.0,0.306235244444912
197.0,0.0,0.3072046011687335
197.0,0.0,0.3080613274139485
198.0,0.0,0.3089044149810507
199.0,0.0,0.3097556448390316
200.0,0.0,0.3105786521325149
200.0,0.0,0.311343190196797
200.0,0.0,0.3120664625925477
200.0,0.0,0.3127284267819971
200.0,0.0,0.3133054336904208
200.0,0.0,0.313793114815701
200.0,0.0,0.3142926930847444
200.0,0.0,0.3146469526829232
200.0,0.0,0.3149712809802799
200.0,0.0,0.3152285905003142
200.0,0.0,0.3153553671430469
200.0,0.0,0.3155029620149578
200.0,0.0,0.3156252297220406
200.0,0.0,0.3156716975016053
200.0,0.0,0.3156428057033766
200.0,0.0,0.3156258106185501
200.0,0.0,0.3155498795895348
200.0,0.0,0.3154179948582838
200.0,0.0,0.3154352494733374
200.0,0.0,0.3153177399034718
200.0,0.0,0.3152989943826219
200.0,0.0,0.3152558199052838
200.0,0.0,0.3151394351627075
200.0,0.0,0.3150321764932021
200.0,0.0,0.3149564116967174
200.0,0.0,0.3149148323630972
200.0,0.0,0.3149412789870298
200.0,0.0,0.3150139768737316
200.0,0.0,0.3149117929737565
200.0,0.0,0.314862497882135
200.0,0.0,0.3147116657002056
200.0,0.0,0.3146988148315562
200.0,0.0,0.3146420421526734
200.0,0.0,0.3145261853495748
200.0,0.0,0.3146210822894828
200.0,0.0,0.3145855990622296
200.0,0.0,0.3146343226799786
200.0,0.0,0.3146720342702751
200.0,0.0,0.3147426345330217
200.0,0.0,0.3147915690728754
200.0,0.0,0.3149220933656114
200.0,0.0,0.315079134702901
200.0,0.0,0.3152727777299232
200.0,0.0,0.3154884049015465
200.0,0.0,0.3157399640308586
200.0,0.0,0.3159585456068852
200.0,0.0,0.3162202892930387
200.0,0.0,0.3165756420530107
200.0,0.0,0.3170437630297032
200.0,0.0,0.317563274955228
200.0,0.0,0.3180995492989277
201.0,0.0,0.3186633569049889
202.0,0.0,0.3193002713990883
203.0,0.0,0.320013388208076
203.0,0.0,0.3206899506896724
204.0,0.0,0.3213218770300198
205.0,0.0,0.3220972930077315
206.0,0.0,0.32282618360548
206.0,0.0,0.3237507668802992
207.0,0.0,0.3246920125483777
208.0,0.0,0.3256080706470887
209.0,0.0,0.3266911110557049
210.0,0.0,0.3277990991188546
210.0,0.0,0.3289899509161771
211.0,0.0,0.3302564496137692
212.0,0.0,0.3315660476794104
213.0,0.0,0.3329241414527686
213.0,0.0,0.3342998103693917
214.0,0.0,0.335720686923787
214.0,0.0,0.3370557185892832
216.0,0.0,0.3384553604837766
216.0,0.0,0.3397926512944403
217.0,0.0,0.3410681373756651
217.0,0.0,0.3423887583183818
219.0,0.0,0.3436587374119059
219.0,0.0,0.3448620724364815
220.0,0.0,0.3460735712020253
220.0,0.0,0.3471269107340644
221.0,0.0,0.3481659223085054
222.0,0.0,0.3491730289926884
223.0,0.0,0.3501311278397743
224.0,0.0,0.3511204087974402
225.0,0.0,0.3519916692110395
225.0,0.0,0.3528362581938024
225.0,0.0,0.3537107999501275
225.0,0.0,0.3543389725474682
225.0,0.0,0.3550138524994489
225.0,0.0,0.3556038471992155
225.0,0.0,0.3560818338127288
225.0,0.0,0.3564972973113358
225.0,0.0,0.3569691924618487
225.0,0.0,0.3573195442704967
225.0,0.0,0.3576067059049618
225.0,0.0,0.3578454389453477
225.0,0.0,0.3580459416973919
225.0,0.0,0.3581307188384369
225.0,0.0,0.3583161645336961
225.0,0.0,0.3584828435977746
225.0,0.0,0.3585935651769724
225.0,0.0,0.3585433879362647
225.0,0.0,0.3585030265237751
225.0,0.0,0.3584310153117432
225.0,0.0,0.3583504677795228
225.0,0.0,0.3582267419873191
225.0,0.0,0.3580163261455107
225.0,0.0,0.3577796972750947
225.0,0.0,0.3577284360007736
225.0,0.0,0.3576704074837065
225.0,0.0,0.357599863054614
225.0,0.0,0.3575470435570038
225.0,0.0,0.3575198247071997
225.0,0.0,0.3576296391084319
225.0,0.0,0.3577185473283235
225.0,0.0,0.3578778017168714
225.0,0.0,0.3580848625563015
225.0,0.0,0.3582740763550285
225.0,0.0,0.3585572840607522
225.0,0.0,0.3587932360641951
225.0,0.0,0.3591387095064021
225.0,0.0,0.3595311253482105
225.0,0.0,0.359977319644797
225.0,0.0,0.3604638591813663
225.0,0.0,0.3609080884277818
226.0,0.0,0.3615121303766367
227.0,0.0,0.3620979697161461
227.0,0.0,0.3628149718906007
228.0,0.0,0.3635204704522895
228.0,0.0,0.3642292947065193
230.0,0.0,0.3650686538766023
230.0,0.0,0.3659316881469142
231.0,0.0,0.3668932829508733
232.0,0.0,0.3679057465174319
233.0,0.0,0.3689854310176471
233.0,0.0,0.3701648320686332
234.0,0.0,0.3713064678248225
235.0,0.0,0.3725045954607824
236.0,0.0,0.3737762667104141
236.0,0.0,0.3750396743980173
238.0,0.0,0.376302834469593
238.0,0.0,0.3776709265441584
238.0,0.0,0.3790440016987485
239.0,0.0,0.380411589005369
240.0,0.0,0.3817457795646115
241.0,0.0,0.3831132087929064
242.0,0.0,0.3844924470315979
242.0,0.0,0.3858013115811912
243.0,0.0,0.3871645419827857
244.0,0.0,0.3884294913361118
245.0,0.0,0.3895285891186208
246.0,0.0,0.3905788763051934
246.0,0.0,0.3916693270968308
247.0,0.0,0.3926703579016054
247.0,0.0,0.3936117074451963
249.0,0.0,0.3943730745882798
249.0,0.0,0.3950654360007693
250.0,0.0,0.3957789999999538
250.0,0.0,0.3964583541642609
250.0,0.0,0.3969497891458007
250.0,0.0,0.3974269162607976
250.0,0.0,0.3979458684001438
250.0,0.0,0.3984137727014869
250.0,0.0,0.3988121065482331
250.0,0.0,0.3992107034360448
250.0,0.0,0.3996075338965308
250.0,0.0,0.3999183077305927
250.0,0.0,0.4001873840630124
250.0,0.0,0.4004490194794431
250.0,0.0,0.4006711929828067
250.0,0.0,0.4009407710706455
250.0,0.0,0.4011427402205697
250.0,0.0,0.4014914304513789
250.0,0.0,0.4017483835420491
250.0,0.0,0.4020708956940798
250.0,0.0,0.4023723308341735
250.0,0.0,0.4027144037463572
250.0,0.0,0.4031236326756647
251.0,0.0,0.4035134832725072
251.0,0.0,0.4040353293165851
252.0,0.0,0.4046321427211922
252.0,0.0,0.4052311243515801
253.0,0.0,0.4058699488096652
254.0,0.0,0.4065757566195815
255.0,0.0,0.4073536522910576
256.0,0.0,0.4082068423972886
257.0,0.0,0.4090816375908376
257.0,0.0,0.4099752084078436
258.0,0.0,0.4109306422342042
259.0,0.0,0.4119238924323967
260.0,0.0,0.4129986931753352
260.0,0.0,0.414170202994357
261.0,0.0,0.4153258899634841
261.0,0.0,0.4165229041427405
263.0,0.0,0.4177551050306428
263.0,0.0,0.4189666438423937
264.0,0.0,0.42016773872563
265.0,0.0,0.4213538061110745
266.0,0.0,0.4225788657726749
266.0,0.0,0.4237595088223475
267.0,0.0,0.4248398504382389
267.0,0.0,0.4260123365647649
269.0,0.0,0.426994786948692
269.0,0.0,0.4279801307390381
270.0,0.0,0.4288895600579354
271.0,0.0,0.4297576574100836
272.0,0.0,0.4306710931164416
272.0,0.0,0.4315267343993697
273.0,0.0,0.432277583795732
274.0,0.0,0.4329823605517174
274.0,0.0,0.4337501279303668
275.0,0.0,0.4344146179754414
275.0,0.0,0.4350499611315716
275.0,0.0,0.4354276303879534
275.0,0.0,0.4359522217490261
275.0,0.0,0.4363011338195146
275.0,0.0,0.4366505730593614
275.0,0.0,0.4369415500010816
275.0,0.0,0.4372254331694432
275.0,0.0,0.4374218293732077
275.0,0.0,0.4377300812928433
275.0,0.0,0.4379637569140352
275.0,0.0,0.4382213315816381
275.0,0.0,0.438257156945746
275.0,0.0,0.4383488880155324
275.0,0.0,0.4383699522298974
275.0,0.0,0.4384700153796856
275.0,0.0,0.438528304740713
275.0,0.0,0.4384618407890946
275.0,0.0,0.438490227321066
275.0,0.0,0.4383671075448536
275.0,0.0,0.4381862651022161
275.0,0.0,0.4380759690592706
275.0,0.0,0.4379375854492229
275.0,0.0,0.4378405987451073
275.0,0.0,0.4377428063828794
275.0,0.0,0.437621970146498
275.0,0.0,0.4375674319236618
275.0,0.0,0.4375724748238408
275.0,0.0,0.437605662982123
275.0,0.0,0.4376615472603625
275.0,0.0,0.4377142738453362
275.0,0.0,0.4378092602096932
275.0,0.0,0.4378798524767887
275.0,0.0,0.4381013613671372
275.0,0.0,0.4382172422930925
275.0,0.0,0.4385490541348103
275.0,0.0,0.4388952601643919
275.0,0.0,0.4391924546195324
275.0,0.0,0.4395918870189073
275.0,0.0,0.4399510828330819
277.0,0.0,0.4404108681736332
277.0,0.0,0.4408243321252515
278.0,0.0,0.4414792209336049
278.0,0.0,0.4420340622210633
279.0,0.0,0.4426518536319671
280.0,0.0,0.4432570393666383
281.0,0.0,0.4439332400280348
282.0,0.0,0.4446268204262318
282.0,0.0,0.445341425966561
283.0,0.0,0.4461323961584114
284.0,0.0,0.44689324342562
285.0,0.0,0.4476830983940222
285.0,0.0,0.4484957353733423
286.0,0.0,0.4494878259303196
287.0,0.0,0.4503440368297737
287.0,0.0,0.4512725995831769
288.0,0.0,0.4521269050940604
289.0,0.0,0.4530215292531577
290.0,0.0,0.4538479317084795
291.0,0.0,0.4548227793380972
291.0,0.0,0.4556519104622449
292.0,0.0,0.4565544476431549
293.0,0.0,0.457306717116982
294.0,0.0,0.4580908447982432
294.0,0.0,0.4588340899453586
296.0,0.0,0.4595328600420764
296.0,0.0,0.4601466583387535
297.0,0.0,0.4606664355930515
297.0,0.0,0.4611803752292831
298.0,0.0,0.4616466109537617
299.0,0.0,0.4620886822804054
300.0,0.0,0.4625181922806319
300.0,0.0,0.4628892969715647
300.0,0.0,0.4632969469296611
300.0,0.0,0.4636667664725727
300.0,0.0,0.4639102199143267
300.0,0.0,0.4642362332555123
300.0,0.0,0.4644140960610117
300.0,0.0,0.4645924382431675
300.0,0.0,0.464688024938223
300.0,0.0,0.4648648437563162
300.0,0.0,0.4649155580873316
300.0,0.0,0.4650558313891051
300.0,0.0,0.4651738370290968
300.0,0.0,0.4652671479081655
300.0,0.0,0.4653882845817028
300.0,0.0,0.4654272552265646
300.0,0.0,0.465505790074466
300.0,0.0,0.4655631456884097
300.0,0.0,0.465512610591352
300.0,0.0,0.4655715481437315
300.0,0.0,0.4655406677840405
300.0,0.0,0.4655009914153798
300.0,0.0,0.46541018983437
300.0,0.0,0.4654143405512606
300.0,0.0,0.4653585974540217
300.0,0.0,0.4654057458379035
300.0,0.0,0.4653990102833044
300.0,0.0,0.4654270212914811
300.0,0.0,0.4654617017598949
300.0,0.0,0.4654970853925933
300.0,0.0,0.4655742965865048
300.0,0.0,0.4656105665133434
300.0,0.0,0.4655923451266756
300.0,0.0,0.4655127851592924
300.0,0.0,0.465556329475132
300.0,0.0,0.4655713222042991
300.0,0.0,0.4655718106411832
300.0,0.0,0.4655562114883146
300.0,0.0,0.4655815884390949
300.0,0.0,0.4655789977122381
300.0,0.0,0.4656180556297447
300.0,0.0,0.4655737175246914
300.0,0.0,0.4655559855262316
300.0,0.0,0.4656063654442365
300.0,0.0,0.4655612224964914
300.0,0.0,0.4654844989240436
300.0,0.0,0.4654740634894924
300.0,0.0,0.4654375742371878
300.0,0.0,0.4655139817662371
300.0,0.0,0.4654847009444744
300.0,0.0,0.4655476308409613
300.0,0.0,0.4656560773969422
300.0,0.0,0.4657673488640195
300.0,0.0,0.4658341443973272
300.0,0.0,0.4659845698656277
300.0,0.0,0.46624121051434
300.0,0.0,0.4663794130557339
300.0,0.0,0.466611070080808
300.0,0.0,0.466860492898992
300.0,0.0,0.467204725746848
300.0,0.0,0.4674410470904798
300.0,0.0,0.4678057941515683
302.0,0.0,0.468067836485483
302.0,0.0,0.468437170604036
304.0,0.0,0.4688670070669231
304.0,0.0,0.4693290277015919
305.0,0.0,0.4697037716142513
305.0,0.0,0.4700481755192094
307.0,0.0,0.4704513003691493
307.0,0.0,0.4709282409340545
308.0,0.0,0.4714872869373614
309.0,0.0,0.4720020961516131
310.0,0.0,0.4725374489795367
310.0,0.0,0.4731451986454407
311.0,0.0,0.4737358853201105
311.0,0.0,0.4744063183990024
312.0,0.0,0.475047617114715
313.0,0.0,0.4757464795351547
314.0,0.0,0.4763618481052242
315.0,0.0,0.4769920360823018
316.0,0.0,0.4775576995627883
316.0,0.0,0.4781221211804919
317.0,0.0,0.4786788682415804
318.0,0.0,0.4792442432217612
318.0,0.0,0.4798362531427105
319.0,0.0,0.4803041893813569
320.0,0.0,0.4807780903530662
321.0,0.0,0.4813194656277044
321.0,0.0,0.4817977348070742
322.0,0.0,0.4822974753447985
323.0,0.0,0.4826715527417951
324.0,0.0,0.4830091029694333
324.0,0.0,0.4832718031664932
325.0,0.0,0.4836208814015608
325.0,0.0,0.4837489273595666
325.0,0.0,0.4840475555504656
325.0,0.0,0.4842637099140978
325.0,0.0,0.4844952035832635
325.0,0.0,0.4847307816484519
325.0,0.0,0.4849166914765341
325.0,0.0,0.485105244716698
325.0,0.0,0.4852543292939251
325.0,0.0,0.4853669099186277
325.0,0.0,0.4854196716572855
325.0,0.0,0.4854866138983329
325.0,0.0,0.485512084758375
325.0,0.0,0.4855037083512084
325.0,0.0,0.485594387460588
325.0,0.0,0.4856617130851774
325.0,0.0,0.4856550069989694
325.0,0.0,0.4856001342951708
325.0,0.0,0.485610790799282
325.0,0.0,0.4856152644453441
325.0,0.0,0.485589190966896
325.0,0.0,0.4855665694352646
325.0,0.0,0.4855228233254999
325.0,0.0,0.4853835304989354
325.0,0.0,0.4853703459420938
325.0,0.0,0.4853723926022673
325.0,0.0,0.4853539703956488
325.0,0.0,0.4853889843710502
325.0,0.0,0.4853730759020022
325.0,0.0,0.485377027656289
325.0,0.0,0.4854197377742984
325.0,0.0,0.4854358408570409
325.0,0.0,0.4854637480350064
325.0,0.0,0.4854181311467416
325.0,0.0,0.4853929766019048
325.0,0.0,0.4853016366168542
325.0,0.0,0.485224799587703
325.0,0.0,0.485144562730696
325.0,0.0,0.4851151473645495
325.0,0.0,0.485061420417167
325.0,0.0,0.4850849594780743
325.0,0.0,0.4850134151395841
325.0,0.0,0.48500962332097
325.0,0.0,0.485072803687456
325.0,0.0,0.4850071994608599
325.0,0.0,0.4849206344877008
325.0,0.0,0.4848845962535392
325.0,0.0,0.4848084953452514
325.0,0.0,0.4848533483430542
325.0,0.0,0.4849068074701013
325.0,0.0,0.4849704053092368
325.0,0.0,0.4849775914969195
325.0,0.0,0.4851696360505901
325.0,0.0,0.4851389254795691
325.0,0.0,0.4852693670977258
325.0,0.0,0.4853665974766699
325.0,0.0,0.4854732473215135
325.0,0.0,0.4856067965072255
325.0,0.0,0.4857824916532084
325.0,0.0,0.4859577840494121
326.0,0.0,0.4862293033363721
327.0,0.0,0.4866010187772654
328.0,0.0,0.4869674321954628
329.0,0.0,0.4873397761670137
329.0,0.0,0.487746471969863
330.0,0.0,0.4880817662007629
331.0,0.0,0.4883656820765472
331.0,0.0,0.4887893174476767
332.0,0.0,0.489228440757378
333.0,0.0,0.4896081950666487
334.0,0.0,0.4900197085097618
335.0,0.0,0.4904869988447637
335.0,0.0,0.4909413841989054
336.0,0.0,0.4914155353914578
337.0,0.0,0.4919275027066856
337.0,0.0,0.4923721068879807
338.0,0.0,0.4928610624928642
339.0,0.0,0.4934080330697741
340.0,0.0,0.4938323386486094
341.0,0.0,0.4942035573398594
341.0,0.0,0.494631429771851
342.0,0.0,0.4950541666175326
343.0,0.0,0.4953481340686639
344.0,0.0,0.4956430325941119
344.0,0.0,0.496052893791421
345.0,0.0,0.4963484228181258
346.0,0.0,0.4965626251783152
346.0,0.0,0.496839586241986
347.0,0.0,0.4971346189041074
348.0,0.0,0.4973300337945919
349.0,0.0,0.4975497661781113
350.0,0.0,0.4977120398649445
351.0,0.0,0.4979107070148233
351.0,0.0,0.4980324552537415
350.0,0.0,0.4980434439284567
351.0,0.0,0.4982263321931964
351.0,0.0,0.4983632584202911
351.0,0.0,0.4984885963667904
350.0,0.0,0.4986395712020075
350.0,0.0,0.4986404791047912
350.0,0.0,0.4985581889056928
351.0,0.0,0.4985690612244316
351.0,0.0,0.4985280025141551
351.0,0.0,0.4984109749257612
351.0,0.0,0.4984887709800319
350.0,0.0,0.4985664745520267
350.0,0.0,0.498582202473384
351.0,0.0,0.4986707352147824
350.0,0.0,0.4986621494484003
350.0,0.0,0.4987021237173533
350.0,0.0,0.4988284178350003
350.0,0.0,0.4988384811206919
351.0,0.0,0.4987634470995363
350.0,0.0,0.4987063018414331
351.0,0.0,0.4987761216335008
351.0,0.0,0.4987453029286604
351.0,0.0,0.4987123563613542
351.0,0.0,0.4987295126729354
350.0,0.0,0.4986917805385723
351.0,0.0,0.4986435493215572
351.0,0.0,0.4985971908989429
351.0,0.0,0.4985692521460833
351.0,0.0,0.4985477792021888
351.0,0.0,0.4985729383903923
351.0,0.0,0.4985950089016157
351.0,0.0,0.4985389391152106
351.0,0.0,0.4986218644136317
350.0,0.0,0.4986553945049136
351.0,0.0,0.4985634117193465
350.0,0.0,0.4985263906769673
351.0,0.0,0.4985268809485477
351.0,0.0,0.4984519492626657
351.0,0.0,0.4984225279167689
350.0,0.0,0.498379257423666
351.0,0.0,0.498379552447336
351.0,0.0,0.4983176799247419
351.0,0.0,0.4982904414142434
351.0,0.0,0.4983435529003473
351.0,0.0,0.4983452411379065
350.0,0.0,0.4983398480599205
350.0,0.0,0.4983595064440289
350.0,0.0,0.4983468704839845
350.0,0.0,0.4983399003600859
350.0,0.0,0.4983461874560564
350.0,0.0,0.4985137133796334
350.0,0.0,0.498667753765599
350.0,0.0,0.4987533776528897
350.0,0.0,0.4988644805317771
350.0,0.0,0.4989651037395508
351.0,0.0,0.4990661658927139
350.0,0.0,0.4992050219030425
351.0,0.0,0.4994254528527809
350.0,0.0,0.4996181233096428
351.0,0.0,0.4998973869169726
351.0,0.0,0.500160271149911
352.0,0.0,0.5004090045980073
353.0,0.0,0.5005758098031081
354.0,0.0,0.5008124459217065
354.0,0.0,0.5009416018935291
355.0,0.0,0.5012063413893274
356.0,0.0,0.501476933860278
356.0,0.0,0.5017018099390114
357.0,0.0,0.5019391260730122
358.0,0.0,0.5022298884911869
358.0,0.0,0.5025945213254527
360.0,0.0,0.5027478256585066
360.0,0.0,0.5030432508550003
360.0,0.0,0.5033265291625497
362.0,0.0,0.5036070421300008
363.0,0.0,0.5038367522480103
363.0,0.0,0.5040940924595665
364.0,0.0,0.5043601730502935
365.0,0.0,0.5046734012774332
366.0,0.0,0.5048988336088563
366.0,0.0,0.5051649587759043
367.0,0.0,0.5053813945049128
368.0,0.0,0.5055257411718814
369.0,0.0,0.5056795875330674
369.0,0.0,0.5058552658270264
370.0,0.0,0.5060553784683094
370.0,0.0,0.5063175113592017
372.0,0.0,0.5064379040068268
373.0,0.0,0.5066325459239709
373.0,0.0,0.5068237867901286
374.0,0.0,0.5070067211940789
374.0,0.0,0.5072148568483406
376.0,0.0,0.5073468973249085
376.0,0.0,0.5074444493645923
375.0,0.0,0.5075039652766176
375.0,0.0,0.5075690222428002
375.0,0.0,0.5076413018414321
376.0,0.0,0.5078014099072998
375.0,0.0,0.5079259687648052
376.0,0.0,0.5080954446759243
375.0,0.0,0.5082172856462747
376.0,0.0,0.5081860824253637
376.0,0.0,0.5081583104033472
375.0,0.0,0.508261905026102
376.0,0.0,0.5082705416883142
375.0,0.0,0.5083705473509565
375.0,0.0,0.5083619811320161
376.0,0.0,0.5084039038935736
376.0,0.0,0.5084110606581662
376.0,0.0,0.508468255203909
376.0,0.0,0.5084448924776864
376.0,0.0,0.5084529154453641
376.0,0.0,0.508323238465138
376.0,0.0,0.5083273874605853
376.0,0.0,0.5084091871162967
375.0,0.0,0.5084467258827466
375.0,0.0,0.5084852155427616
375.0,0.0,0.5085094060340524
376.0,0.0,0.5084770307367636
376.0,0.0,0.5084869854129738
376.0,0.0,0.5084577298012952
375.0,0.0,0.5084120733651358
376.0,0.0,0.5084092078415678
376.0,0.0,0.5083488738362676
376.0,0.0,0.5083067996330014
376.0,0.0,0.5082169474053179
376.0,0.0,0.5081729960134403
376.0,0.0,0.5081379005186387
376.0,0.0,0.5081067675144937
376.0,0.0,0.508061186414129
376.0,0.0,0.5080164442002623
375.0,0.0,0.5079561292893923
376.0,0.0,0.5078803755237351
376.0,0.0,0.5080296139889325
376.0,0.0,0.5080516871955737
375.0,0.0,0.5080102096536134
376.0,0.0,0.5080253926475656
376.0,0.0,0.5079918288522364
376.0,0.0,0.5079682910144597
376.0,0.0,0.5079868294638017
375.0,0.0,0.5079230961742595
376.0,0.0,0.5079026492558695
375.0,0.0,0.5077418093274453
376.0,0.0,0.5076693986499667
376.0,0.0,0.5075958998391217
375.0,0.0,0.5075782644906427
375.0,0.0,0.5075760376904888
375.0,0.0,0.507532570748995
376.0,0.0,0.5075182516024686
376.0,0.0,0.5075567164148086
376.0,0.0,0.5075163215021266
376.0,0.0,0.5075942958163806
376.0,0.0,0.5076785587668438
376.0,0.0,0.5077991618382609
375.0,0.0,0.5078592217037166
376.0,0.0,0.5079887455887423
376.0,0.0,0.5079272504925907
375.0,0.0,0.5079788205621278
375.0,0.0,0.5080957231646784
375.0,0.0,0.5082846792452237
376.0,0.0,0.5084085446781893
376.0,0.0,0.5085352123943323
376.0,0.0,0.5086546638201858
376.0,0.0,0.5089585052888487
377.0,0.0,0.5091891720536678
378.0,0.0,0.5093415568415451
379.0,0.0,0.5095689608597562
379.0,0.0,0.5097428457495611
380.0,0.0,0.5099507753062894
380.0,0.0,0.510088572266583
382.0,0.0,0.5102889111417557
383.0,0.0,0.5105268471312457
383.0,0.0,0.5107021136378485
383.0,0.0,0.5108781664589768
385.0,0.0,0.5111458333596993
385.0,0.0,0.5113484414142418
387.0,0.0,0.5116466833902775
387.0,0.0,0.5119965752338074
388.0,0.0,0.5122784062379071
388.0,0.0,0.5125699901469423
389.0,0.0,0.5128898476522086
390.0,0.0,0.5131885136922094
391.0,0.0,0.5134393036761276
392.0,0.0,0.5136415609865989
392.0,0.0,0.5138096069219541
393.0,0.0,0.513974308025037
394.0,0.0,0.5141762937551779
394.0,0.0,0.514307905207306
395.0,0.0,0.5144009130670536
396.0,0.0,0.5145586641825942
397.0,0.0,0.5146616399691352
398.0,0.0,0.514709103580995
398.0,0.0,0.5148048214001982
399.0,0.0,0.5149098144464732
399.0,0.0,0.5149185171577464
400.0,0.0,0.5150081364016704
400.0,0.0,0.5150630974426905
400.0,0.0,0.5150889890370641
401.0,0.0,0.5151579310969071
400.0,0.0,0.5152136283946941
400.0,0.0,0.5152350745429647
400.0,0.0,0.5152519436453226
400.0,0.0,0.5151653576524349
400.0,0.0,0.5151045952569105
400.0,0.0,0.5150849799315351
400.0,0.0,0.514961052209503
400.0,0.0,0.5149375501369757
400.0,0.0,0.5150320940904062
400.0,0.0,0.5150399101224794
400.0,0.0,0.5150391078846032
400.0,0.0,0.515009345013417
400.0,0.0,0.5149262832453135
400.0,0.0,0.5149360727082686
400.0,0.0,0.5149393514688293
400.0,0.0,0.5148846123354401
400.0,0.0,0.5148645319259179
400.0,0.0,0.514773528392429
400.0,0.0,0.5147304187863224
400.0,0.0,0.5146643591700231
400.0,0.0,0.514607726245155
400.0,0.0,0.5146111831750969
401.0,0.0,0.5146105611678033
400.0,0.0,0.5146246735146288
400.0,0.0,0.5146556125619458
400.0,0.0,0.5148142571971585
400.0,0.0,0.5148010574191341
400.0,0.0,0.5148735219370165
400.0,0.0,0.514913933837626
400.0,0.0,0.514872170060417
400.0,0.0,0.5148829648236053
400.0,0.0,0.5149221772859487
400.0,0.0,0.5147741244195191
400.0,0.0,0.5147353042876928
400.0,0.0,0.5147358749234943
400.0,0.0,0.514717921991378
400.0,0.0,0.5146630561733526
400.0,0.0,0.5146967894175939
400.0,0.0,0.514655775147735
400.0,0.0,0.5146768960564757
400.0,0.0,0.5146811115539957
400.0,0.0,0.5146293424539027
400.0,0.0,0.5145071635597035
400.0,0.0,0.5145437881265114
401.0,0.0,0.5144084475978471
400.0,0.0,0.5143394311535335
400.0,0.0,0.5142906215089209
400.0,0.0,0.5142796037961755
400.0,0.0,0.5142181457337052
400.0,0.0,0.5142152384877878
401.0,0.0,0.5141712325533386
400.0,0.0,0.5141775370902478
400.0,0.0,0.5141824325578688
400.0,0.0,0.5141716389498596
400.0,0.0,0.5141538815827618
400.0,0.0,0.5141544414821932
400.0,0.0,0.5141305560487747
400.0,0.0,0.5142091553828478
400.0,0.0,0.514258787628199
400.0,0.0,0.5142261788714887
400.0,0.0,0.514266004099693
400.0,0.0,0.514298192960143
400.0,0.0,0.5143432411605552
400.0,0.0,0.5144071824729292
401.0,0.0,0.5144395119934165
400.0,0.0,0.5144228542435242
400.0,0.0,0.514498625608674
400.0,0.0,0.5145012731431595
400.0,0.0,0.5146386602866961
400.0,0.0,0.514738384221553
400.0,0.0,0.5148296287571031
401.0,0.0,0.5148925546217887
401.0,0.0,0.5150527388162212
400.0,0.0,0.5150741494710492
400.0,0.0,0.5151921163785668
401.0,0.0,0.5153092198237185
400.0,0.0,0.5153789878818851
400.0,0.0,0.5154463467348602
400.0,0.0,0.5155633201657419
400.0,0.0,0.5156278599514675
401.0,0.0,0.5157299305759437
400.0,0.0,0.5158651525288758
400.0,0.0,0.5158669536342237
401.0,0.0,0.5159535095471549
400.0,0.0,0.5160484095448898
401.0,0.0,0.5160431826314829
402.0,0.0,0.5161178528391887
402.0,0.0,0.5162373915150363
403.0,0.0,0.516314341797036
404.0,0.0,0.5163976242043384
405.0,0.0,0.5164391571722426
406.0,0.0,0.5165597528822246
407.0,0.0,0.5166744044032104
407.0,0.0,0.5168501436272019
408.0,0.0,0.5168209063851352
409.0,0.0,0.5169020093093237
409.0,0.0,0.5170149131576556
410.0,0.0,0.517142176357275
411.0,0.0,0.5171516508414084
412.0,0.0,0.5172449915739278
412.0,0.0,0.5173272583070361
413.0,0.0,0.5174728064508218
413.0,0.0,0.517588306892508
415.0,0.0,0.5176074564995207
415.0,0.0,0.5177039148564482
416.0,0.0,0.5178468298941614
417.0,0.0,0.5180505140999191
418.0,0.0,0.5181960343608536
418.0,0.0,0.518367687535331
419.0,0.0,0.5183623858297431
420.0,0.0,0.518481568053576
421.0,0.0,0.5186254175405406
421.0,0.0,0.5187442425195887
422.0,0.0,0.5188386358014297
423.0,0.0,0.5189289572583144
424.0,0.0,0.5189786431175638
424.0,0.0,0.5191529246414941
425.0,0.0,0.5191902963599929
425.0,0.0,0.5192695516772141
426.0,0.0,0.5192708460440175
425.0,0.0,0.519271823959712
426.0,0.0,0.5193286866972598
425.0,0.0,0.519441979863583
425.0,0.0,0.5195505237264111
425.0,0.0,0.5196913578789399
425.0,0.0,0.5197537676730463
425.0,0.0,0.5197815037939097
426.0,0.0,0.5197306895738821
426.0,0.0,0.5198047864956696
426.0,0.0,0.5197817160976992
425.0,0.0,0.5198278991822538
425.0,0.0,0.519854085709695
425.0,0.0,0.5197626641146419
426.0,0.0,0.5198010397969901
426.0,0.0,0.5198177175020345
425.0,0.0,0.5197447002196498
425.0,0.0,0.5197449000882765
426.0,0.0,0.519773556569737
426.0,0.0,0.5197936489387601
425.0,0.0,0.5197550309406174
425.0,0.0,0.5197819610636101
425.0,0.0,0.5198072566082429
425.0,0.0,0.5197060123218493
426.0,0.0,0.5196638748328913
426.0,0.0,0.5194937415569395
426.0,0.0,0.5194397478537979
426.0,0.0,0.5194178807899913
426.0,0.0,0.5193256541483913
426.0,0.0,0.5192902540260781
425.0,0.0,0.5193426500712888
426.0,0.0,0.5193381762213715
426.0,0.0,0.5194427583863127
425.0,0.0,0.5194744269631775
426.0,0.0,0.5194580705791144
425.0,0.0,0.5194930694692365
425.0,0.0,0.5194986059479789
426.0,0.0,0.5195409761035883
426.0,0.0,0.5194648982988816
425.0,0.0,0.5194898806314373
426.0,0.0,0.5194119766472022
426.0,0.0,0.5193771759948655
425.0,0.0,0.5192804526036224
425.0,0.0,0.5191949529547062
425.0,0.0,0.5191367033907298
425.0,0.0,0.5190246416226262
425.0,0.0,0.5189084230899301
425.0,0.0,0.5188170586422644
426.0,0.0,0.5187130776234417
426.0,0.0,0.5187187682393107
425.0,0.0,0.5187411007496733
426.0,0.0,0.5187926261069861
426.0,0.0,0.5187574184012622
426.0,0.0,0.5188040019931895
426.0,0.0,0.5188826681011423
426.0,0.0,0.5188341956782107
426.0,0.0,0.5188455143037741
426.0,0.0,0.5189141928921905
425.0,0.0,0.5189193844254079
426.0,0.0,0.5190519969194619
426.0,0.0,0.5191015234546044
426.0,0.0,0.5191822359509235
426.0,0.0,0.5192610528663689
426.0,0.0,0.5193082596207689
426.0,0.0,0.5193854764999734
427.0,0.0,0.5196052764501421
427.0,0.0,0.5196223629753183
428.0,0.0,0.5197695215746069
429.0,0.0,0.5198762786245967
431.0,0.0,0.5199750459352946
431.0,0.0,0.5200256153253147
432.0,0.0,0.5202171403655195
432.0,0.0,0.5202985616434647
433.0,0.0,0.520379808217566
434.0,0.0,0.5205246539218854
434.0,0.0,0.520578096491366
435.0,0.0,0.5207762880925347
436.0,0.0,0.5210105956646202
437.0,0.0,0.5211427816031465
437.0,0.0,0.5213565695258627
438.0,0.0,0.5215052294502098
439.0,0.0,0.5216197062900024
440.0,0.0,0.5217536278963807
441.0,0.0,0.5217844363631637
441.0,0.0,0.5218716652924712
442.0,0.0,0.521966233912372
443.0,0.0,0.5220252969942085
443.0,0.0,0.5220671181906116
445.0,0.0,0.5219949948129586
445.0,0.0,0.5219379114362117
446.0,0.0,0.5218791215428958
446.0,0.0,0.5218292378762216
447.0,0.0,0.5217262446487421
448.0,0.0,0.5217218389090876
449.0,0.0,0.5216762719426785
450.0,0.0,0.521572519241598
451.0,0.0,0.5215009795917759
451.0,0.0,0.5214396659266872
451.0,0.0,0.5214358806087865
450.0,0.0,0.5214358532921994
451.0,0.0,0.5213548871095
451.0,0.0,0.5212106134000162
451.0,0.0,0.5211240117555849
450.0,0.0,0.5211516706606564
451.0,0.0,0.521199800788179
450.0,0.0,0.5211117088721674
451.0,0.0,0.5210710665020117
450.0,0.0,0.5210855862193327
450.0,0.0,0.5210163308568102
451.0,0.0,0.5210092566988451
451.0,0.0,0.5209902032661514
450.0,0.0,0.5210117153728808
451.0,0.0,0.5210183993974341
451.0,0.0,0.5210298061110629
451.0,0.0,0.5211756016896717
450.0,0.0,0.5212600040543911
451.0,0.0,0.5212148703027774
451.0,0.0,0.521347981426472
451.0,0.0,0.5212957282157538
451.0,0.0,0.5213977139911962
450.0,0.0,0.5215043022717913
450.0,0.0,0.5216141933678523
451.0,0.0,0.5216413637227868
451.0,0.0,0.5217843536885844
451.0,0.0,0.5219294321728082
450.0,0.0,0.5219852651928086
451.0,0.0,0.5221383080023853
451.0,0.0,0.5221680825386148
451.0,0.0,0.5221154717886545
450.0,0.0,0.5221777768012256
450.0,0.0,0.5221752594622144
451.0,0.0,0.5221892633581126
450.0,0.0,0.5222460914629392
451.0,0.0,0.5222372060521713
450.0,0.0,0.5222350364900068
450.0,0.0,0.522229601825575
450.0,0.0,0.52219803263941
450.0,0.0,0.5221351965389319
449.0,0.0,0.5221101862555734
448.0,0.0,0.5220875212348481
448.0,0.0,0.5220772309904484
447.0,0.0,0.5220137495752408
446.0,0.0,0.5218815507711909
445.0,0.0,0.5217962868241027
445.0,0.0,0.5217483519218399
444.0,0.0,0.5216481556546538
443.0,0.0,0.521593473396845
442.0,0.0,0.5215787930416841
442.0,0.0,0.5215908582300236
441.0,0.0,0.5215809939975382
440.0,0.0,0.5214191994155545
439.0,0.0,0.5214622781489345
438.0,0.0,0.5214997303449074
438.0,0.0,0.5214740371468733
437.0,0.0,0.521459444404116
437.0,0.0,0.521405837889812
435.0,0.0,0.5214209399759295
435.0,0.0,0.5214870245984577
436.0,0.0,0.521520061541537
437.0,0.0,0.5214571392329909
437.0,0.0,0.5215455267615872
438.0,0.0,0.5216718950825003
438.0,0.0,0.5216728638247142
440.0,0.0,0.5217246166843488
440.0,0.0,0.5218134187410205
441.0,0.0,0.5217966241816873
441.0,0.0,0.5219249129991009
442.0,0.0,0.5219164279824529
443.0,0.0,0.5219285254931553
444.0,0.0,0.5220283188520083
445.0,0.0,0.5221507094837327
446.0,0.0,0.5221474705428732
446.0,0.0,0.5222951031279828
447.0,0.0,0.5223959836235772
448.0,0.0,0.5224433718996423
448.0,0.0,0.522574912727294
449.0,0.0,0.522618378128549
450.0,0.0,0.522572546558185
451.0,0.0,0.5227069272689598
451.0,0.0,0.5228612335952639
452.0,0.0,0.5229563842668533
453.0,0.0,0.5230899857527306
454.0,0.0,0.523280426759322
455.0,0.0,0.523326387755041
456.0,0.0,0.5234164439737548
456.0,0.0,0.5235898376406555
457.0,0.0,0.5236635338512152
457.0,0.0,0.5237044817096038
458.0,0.0,0.5238272204126323
459.0,0.0,0.5238751539105597
460.0,0.0,0.5239131495616502
460.0,0.0,0.5239493837232395
462.0,0.0,0.5239993066886521
462.0,0.0,0.5240519928423588
463.0,0.0,0.5241750649617726
463.0,0.0,0.5242327447733198
464.0,0.0,0.5242946371378129
465.0,0.0,0.5243875745769394
465.0,0.0,0.5243665300685701
467.0,0.0,0.5243181222677139
467.0,0.0,0.5243267156446872
468.0,0.0,0.5245451523250197
469.0,0.0,0.5245216890076173
470.0,0.0,0.5245750824933135
471.0,0.0,0.5246070148587124
471.0,0.0,0.5245923679810935
472.0,0.0,0.5246667264716595
473.0,0.0,0.5247378149447847
473.0,0.0,0.5246940240774943
474.0,0.0,0.5246322155654103
475.0,0.0,0.5247248576864095
476.0,0.0,0.5246423989897234
475.0,0.0,0.5244458456136559
476.0,0.0,0.5244915831615052
476.0,0.0,0.5245604270537791
475.0,0.0,0.5245114079366984
476.0,0.0,0.5245269485604951
475.0,0.0,0.5244057233911821
476.0,0.0,0.5244727797911005
475.0,0.0,0.5245619861830911
475.0,0.0,0.5246091168995287
475.0,0.0,0.5246023606196584
476.0,0.0,0.5246819291263063
476.0,0.0,0.5246916323811932
476.0,0.0,0.5246836163672404
475.0,0.0,0.5247139741329881
476.0,0.0,0.5246474610749348
476.0,0.0,0.5246850350177196
476.0,0.0,0.5246979192506579
476.0,0.0,0.5246994414595415
476.0,0.0,0.5246697880585585
476.0,0.0,0.5247153241975423
475.0,0.0,0.5247143298601847
476.0,0.0,0.5246786929035152
475.0,0.0,0.5246534943712722
475.0,0.0,0.5247152866428979
476.0,0.0,0.5245755892998096
476.0,0.0,0.5245560139979908
475.0,0.0,0.5245343201657409
475.0,0.0,0.5244631222224126
476.0,0.0,0.5244076833449749
476.0,0.0,0.5244904354118394
476.0,0.0,0.5244648090329859
476.0,0.0,0.5244567987269767
476.0,0.0,0.5244499749484087
476.0,0.0,0.524467562911896
476.0,0.0,0.5244627291670774
476.0,0.0,0.5245041154045912
476.0,0.0,0.5243706307503521
476.0,0.0,0.5244311335023963
476.0,0.0,0.5244831902194228
476.0,0.0,0.5245317880359079
476.0,0.0,0.5244128658632652
475.0,0.0,0.5243872287706923
475.0,0.0,0.5243589703956443
475.0,0.0,0.5243980783709097
476.0,0.0,0.5244345933995629
477.0,0.0,0.5244324758204556
478.0,0.0,0.5243744164080114
478.0,0.0,0.524394411696693
479.0,0.0,0.5245107703911142
480.0,0.0,0.5246052699494279
481.0,0.0,0.5247341928242383
481.0,0.0,0.5248621983283267
482.0,0.0,0.5249652625653423
483.0,0.0,0.5250622757253232
484.0,0.0,0.5251258128835826
484.0,0.0,0.5252148512536478
485.0,0.0,0.5253781920088177
486.0,0.0,0.5254764809394842
487.0,0.0,0.5254975015515027
487.0,0.0,0.5255852927359009
488.0,0.0,0.5256892112391514
489.0,0.0,0.5257649727060022
490.0,0.0,0.5258764878705585
490.0,0.0,0.5259666626423541
491.0,0.0,0.5260057822600124
492.0,0.0,0.5260685149606399
493.0,0.0,0.5260784957529567
493.0,0.0,0.5262377758725517
494.0,0.0,0.5263157405603137
495.0,0.0,0.5264242443089829
495.0,0.0,0.5264354250831794
496.0,0.0,0.5264273181951412
497.0,0.0,0.5263930335907334
498.0,0.0,0.5264844051280275
499.0,0.0,0.526457146458522
499.0,0.0,0.526494143717803
500.0,0.0,0.5264677544451128
501.0,0.0,0.5265042491788554
500.0,0.0,0.5265498221929668
501.0,0.0,0.526498565901771
500.0,0.0,0.5263437747626738
501.0,0.0,0.5263200792769325
501.0,0.0,0.526198570748993
501.0,0.0,0.5261560803868103
501.0,0.0,0.5260384974517495
501.0,0.0,0.5259727776845974
501.0,0.0,0.5258069219460756
501.0,0.0,0.5257958921832269
501.0,0.0,0.5257230016987313
501.0,0.0,0.5257571761534188
501.0,0.0,0.5256862703344876
502.0,0.0,0.5256474366802711
503.0,0.0,0.5255710927993226
504.0,0.0,0.5255794029309223
504.0,0.0,0.5255434347096716
505.0,0.0,0.525607433214734
506.0,0.0,0.52554078812651
506.0,0.0,0.5255989871570657
507.0,0.0,0.5256598759427686
508.0,0.0,0.5257224867606807
509.0,0.0,0.5256221123467641
510.0,0.0,0.5256853889102197
510.0,0.0,0.5257570972841353
511.0,0.0,0.5257502610930551
512.0,0.0,0.525702892658889
512.0,0.0,0.5257674059887493
514.0,0.0,0.5258947306846653
514.0,0.0,0.5260163309021108
515.0,0.0,0.5261166865160544
515.0,0.0,0.5262190658451447
516.0,0.0,0.5263606677387321
517.0,0.0,0.5264089349701531
518.0,0.0,0.5265117182268518
518.0,0.0,0.5264901547486305
520.0,0.0,0.5264483683661529
520.0,0.0,0.5265474632493892
521.0,0.0,0.5265407674918409
521.0,0.0,0.5266075948718496
522.0,0.0,0.5265970577135901
523.0,0.0,0.5266150047565582
523.0,0.0,0.5265329403609887
525.0,0.0,0.5264486787016079
525.0,0.0,0.5265299495797705
525.0,0.0,0.5265817918638539
525.0,0.0,0.5265274678927561
525.0,0.0,0.5265644754806968
525.0,0.0,0.5265258170059863
525.0,0.0,0.5265352860313323
525.0,0.0,0.5264834543250648
525.0,0.0,0.5264516659266866
525.0,0.0,0.5264939481754352
525.0,0.0,0.5265303946634643
525.0,0.0,0.5264869189108993
525.0,0.0,0.5266227036851863
525.0,0.0,0.5265916143966406
525.0,0.0,0.526663321887184
526.0,0.0,0.5265934650387842
526.0,0.0,0.5266991426305757
527.0,0.0,0.5267252904934945
528.0,0.0,0.526739039140123
529.0,0.0,0.5266383470746174
529.0,0.0,0.5265308131553894
530.0,0.0,0.5265553620013429
531.0,0.0,0.5265445818024709
531.0,0.0,0.5265215968424491
532.0,0.0,0.5264719540192822
533.0,0.0,0.5264499312781102
534.0,0.0,0.526459994609103
535.0,0.0,0.5265019536342224
536.0,0.0,0.526514220095524
536.0,0.0,0.5264174648349291
537.0,0.0,0.5263709747898545
537.0,0.0,0.5263064518108516
538.0,0.0,0.5262970738407957
539.0,0.0,0.5263112728260502
540.0,0.0,0.526312586377886
540.0,0.0,0.5262791472286413
541.0,0.0,0.5261307370494754
542.0,0.0,0.5260417954879453
543.0,0.0,0.5258921104667669
543.0,0.0,0.5257776164804931
544.0,0.0,0.5256859559898818
545.0,0.0,0.5255753725565084
546.0,0.0,0.5254669304853403
546.0,0.0,0.5253143797140886
547.0,0.0,0.5253972725315929
548.0,0.0,0.5253507150557722
548.0,0.0,0.5253717968243289
550.0,0.0,0.5253310007474075
550.0,0.0,0.5252343514914787
550.0,0.0,0.5251393106978027
550.0,0.0,0.5251507051348229
550.0,0.0,0.5252374132595822
550.0,0.0,0.5252400112346212
550.0,0.0,0.5252327209675711
550.0,0.0,0.5252172726448457
550.0,0.0,0.5251542759065277
550.0,0.0,0.5251763922398536
550.0,0.0,0.5252228988651452
550.0,0.0,0.5252445432285509
550.0,0.0,0.5252353182404425
550.0,0.0,0.5251893375160772
550.0,0.0,0.5252213065527486
550.0,0.0,0.5253036392443157
551.0,0.0,0.525280278420741
551.0,0.0,0.5252742028357901
553.0,0.0,0.5253096748736616
553.0,0.0,0.5254089268838998
554.0,0.0,0.5253479772361163
554.0,0.0,0.5254240635574371
556.0,0.0,0.5253966539445353
556.0,0.0,0.5254432467552446
557.0,0.0,0.525472367686636
557.0,0.0,0.5254614082311557
559.0,0.0,0.5255456866972591
559.0,0.0,0.5255761295611971
560.0,0.0,0.5256197685564178
561.0,0.0,0.5256712891571109
561.0,0.0,0.525715769553043
562.0,0.0,0.5256645016647555
562.0,0.0,0.5256445476001107
564.0,0.0,0.5256007281478016
564.0,0.0,0.5256199453214635
565.0,0.0,0.525567027610983
566.0,0.0,0.5255381354503452
567.0,0.0,0.5255294254682392
567.0,0.0,0.52548396545782
568.0,0.0,0.5254767717274975
568.0,0.0,0.5255889028969465
569.0,0.0,0.5255510852793335
570.0,0.0,0.5255820120500417
571.0,0.0,0.5255981846473826
572.0,0.0,0.5255732116695121
573.0,0.0,0.5255511488141813
573.0,0.0,0.5256041714874015
574.0,0.0,0.5257298995673128
575.0,0.0,0.525735906135978
575.0,0.0,0.5257857871298849
575.0,0.0,0.5258154711091371
577.0,0.0,0.5257574802599672
578.0,0.0,0.5257831378060045
578.0,0.0,0.5258550374413302
579.0,0.0,0.5258749612448139
579.0,0.0,0.525801310629851
580.0,0.0,0.5257145742371807
581.0,0.0,0.5256595149832906
582.0,0.0,0.5256487724070147
583.0,0.0,0.5256688599967675
584.0,0.0,0.5257317172755281
584.0,0.0,0.5257153518765383
585.0,0.0,0.5257673671656728
586.0,0.0,0.5258242963373416
587.0,0.0,0.5258942338217693
587.0,0.0,0.5258905309972431
587.0,0.0,0.5259701246007225
589.0,0.0,0.5259947310470745
589.0,0.0,0.5260598714579557
590.0,0.0,0.5260784169063238
591.0,0.0,0.5260759432829122
592.0,0.0,0.5261289541551857
592.0,0.0,0.5260637934040927
593.0,0.0,0.5261247902556635
594.0,0.0,0.5261739350154542
594.0,0.0,0.526352688169546
595.0,0.0,0.5264375534892589
597.0,0.0,0.5265135120840175
597.0,0.0,0.5265436061291827
598.0,0.0,0.5266456222110871
598.0,0.0,0.5265983325103012
599.0,0.0,0.5266417268114179
600.0,0.0,0.5266315450858976
600.0,0.0,0.5267103577430358
600.0,0.0,0.5267808530656931
600.0,0.0,0.5268787620783547
600.0,0.0,0.5270023200524878
600.0,0.0,0.5271424376542455
600.0,0.0,0.5271362293143057
600.0,0.0,0.5272807985457719
600.0,0.0,0.5274278794083056
600.0,0.0,0.5275173529411149
600.0,0.0,0.5276168195655005
600.0,0.0,0.5277627604701642
600.0,0.0,0.5278882457359686
600.0,0.0,0.5280071780094328
600.0,0.0,0.5281195741706484
600.0,0.0,0.5282241382038766
600.0,0.0,0.528319574093317
600.0,0.0,0.5284045858231694
600.0,0.0,0.5284778773776334
600.0,0.0,0.5285381527409089
600.0,0.0,0.5285841158971953
600.0,0.0,0.5286144708306927
600.0,0.0,0.5286279215256006
600.0,0.0,0.5286231719661186
600.0,0.0,0.5285989261364467
600.0,0.0,0.5285538880207843
600.0,0.0,0.5284867616033313
600.0,0.0,0.5283962508682873
600.0,0.0,0.5282810597998523
600.0,0.0,0.5281398923822257
600.0,0.0,0.5279714525996072
600.0,0.0,0.5277744444361967
600.0,0.0,0.5275475718761938
600.0,0.0,0.5272895389037984
597.0,0.0,0.5269990495032099
595.0,0.0,0.5266748076586282
592.0,0.0,0.526315517354253
588.0,0.0,0.5259198825742839
0.0,0.0,0.0005937519086753
0.0,0.0,0.0005085108331826
0.0,0.0,0.0004307552327598
0.0,0.0,0.000360222221763
0.0,0.0,0.000296648914548
0.0,0.0,0.0002397724254709
0.0,0.0,0.0001893298688877
0.0,0.0,0.0001450583591543
0.0,0.0,0.0001066950106267
0.0,0.0,7.397693766092472e-05
0.0,0.0,4.6641254612882145e-05
0.0,0.0,2.4425075838590085e-05
0.0,0.0,7.06551569402893e-06
0.0,0.0,5.700311464821033e-06
0.0,0.0,1.4135291281979412e-05
0.0,0.0,1.850230940146592e-05
0.0,0.0,1.906425146730006e-05
0.0,0.0,1.608400312350176e-05
0.0,0.0,9.824450014090194e-06
0.0,0.0,5.484777830854024e-07
0.0,0.0,1.1481027925493007e-05
0.0,0.0,2.6001181467625537e-05
0.0,0.0,4.274909719929247e-05
0.0,0.0,6.14618894764742e-05
0.0,0.0,8.187667265515124e-05
0.0,0.0,0.0001037305610912
0.0,0.0,0.0001625541829286
0.0,0.0,0.0001705435877274
0.0,0.0,0.0001731443629647
0.0,0.0,0.0001665186892518
0.0,0.0,0.0001989137296049
0.0,0.0,0.0002599602443606
0.0,0.0,0.0002909935429325
0.0,0.0,0.0002271258008534
0.0,0.0,0.0001635057644143
0.0,0.0,9.230141023985868e-05
0.0,0.0,1.072633320188321e-05
0.0,0.0,7.024918424697384e-05
0.0,0.0,0.0001026088563471
0.0,0.0,0.0001557690232195
0.0,0.0,0.0001052407270169
0.0,0.0,7.95546479358445e-05
0.0,0.0,1.0749722755440303e-05
0.0,0.0,3.438855076852965e-05
0.0,0.0,8.715055158960646e-05
0.0,0.0,0.0002294024217535
0.0,0.0,0.0003330048476896
0.0,0.0,0.0004653159522018
0.0,0.0,0.0006274974986026
0.0,0.0,0.0008620152405027
0.0,0.0,0.0010001217091033
0.0,0.0,0.0011714816080217
0.0,0.0,0.0014095109295341
0.0,0.0,0.0016124804104408
0.0,0.0,0.0019014107789123
0.0,0.0,0.002215042527372
0.0,0.0,0.0025126280737683
0.0,0.0,0.0027761478480089
0.0,0.0,0.0030170074538448
0.0,0.0,0.0033169068618302
0.0,0.0,0.0035771761813674
0.0,0.0,0.0039034526409327
0.0,0.0,0.0041810389200885
0.0,0.0,0.0044216483758757
0.0,0.0,0.0046809835383629
0.0,0.0,0.0049255070227849
0.0,0.0,0.0051721029941285
0.0,0.0,0.0053711946556373
0.0,0.0,0.0056096015728732
0.0,0.0,0.0058402185112897
0.0,0.0,0.0060172257920718
0.0,0.0,0.0062466560320398
0.0,0.0,0.0063778262259162
0.0,0.0,0.0065542810066485
0.0,0.0,0.0066831731749796
0.0,0.0,0.0067220019721154
0.0,0.0,0.006866116307431
0.0,0.0,0.006905075446142
0.0,0.0,0.0068983830437827
0.0,0.0,0.0069210652789409
0.0,0.0,0.0069827099141535
0.0,0.0,0.0069290622437646
0.0,0.0,0.0066715246551442
0.0,0.0,0.0063055189018996
0.0,0.0,0.0060370143151593
0.0,0.0,0.0058479234184232
0.0,0.0,0.0056923939160563
0.0,0.0,0.005588622890665
0.0,0.0,0.0055897148293273
0.0,0.0,0.005601091757457
0.0,0.0,0.0056238840064321
0.0,0.0,0.0057367686697313
0.0,0.0,0.0058196170921191
0.0,0.0,0.0059340344741663
0.0,0.0,0.0061929288092588
0.0,0.0,0.0064702186459481
0.0,0.0,0.0067623276404893
0.0,0.0,0.0071304916532642
0.0,0.0,0.0075346508188172
0.0,0.0,0.00793010500804
0.0,0.0,0.0082792152030613
0.0,0.0,0.0087754096129007
0.0,0.0,0.009229150105324
0.0,0.0,0.0096565738068801
0.0,0.0,0.0101619088994076
0.0,0.0,0.010653411900608
0.0,0.0,0.0111338215361603
0.0,1.0,0.0115687005821182
0.0,3.0,0.0121160748148301
0.0,3.0,0.0125773107884648
0.0,3.0,0.0130511836508172
0.0,3.0,0.0135147543998715
0.0,3.0,0.0139132192348621
0.0,3.0,0.014382668893971
0.0,3.0,0.0148678846179964
0.0,3.0,0.0153321204557276
0.0,3.0,0.015772043851501
0.0,3.0,0.0161423684341642
0.0,3.0,0.0164842576728785
0.0,3.0,0.0166739801807496
0.0,3.0,0.0167269771908744
0.0,3.0,0.0168541478402662
0.0,3.0,0.0169163180592972
0.0,3.0,0.0171030564452176
0.0,3.0,0.0172134447439332
0.0,3.0,0.0173738032118487
0.0,3.0,0.0175854395343022
0.0,3.0,0.0177478248884438
0.0,3.0,0.0179220731386873
0.0,3.0,0.0181154848807426
0.0,3.0,0.0182791299236654
0.0,3.0,0.0183456313619766
0.0,3.0,0.0184878790912569
0.0,3.0,0.0187598938594283
0.0,3.0,0.0191444224104713
0.0,3.0,0.019537668599513
0.0,3.0,0.0199253242655529
0.0,3.0,0.0203376019615369
0.0,3.0,0.0208830059117962
0.0,3.0,0.0213490853699945
0.0,3.0,0.0218412139346279
0.0,3.0,0.0223571360166682
0.0,3.0,0.0228513418650452
0.0,3.0,0.0233918752859607
0.0,7.0,0.0239351628802436
0.0,8.0,0.0243906482819514
0.0,8.0,0.024811150694237
0.0,8.0,0.0251871193684991
0.0,8.0,0.0255223964982189
0.0,8.0,0.0258391474325549
0.0,8.0,0.0261371588257914
0.0,8.0,0.0264877817617582
0.0,8.0,0.0267712883417486
0.0,7.0,0.0271703514009345
0.0,8.0,0.0275511780787754
0.0,8.0,0.0279636778409444
0.0,8.0,0.0283133220457961
0.0,8.0,0.0286673077079855
0.0,8.0,0.0291426199460882
0.0,8.0,0.0295311955197138
0.0,8.0,0.0300291202745213
0.0,8.0,0.0305492909012626
0.0,8.0,0.0310556474438795
0.0,7.0,0.0316238324537325
0.0,8.0,0.0322390395025897
0.0,7.0,0.0329399601576441
0.0,8.0,0.0336681259145128
0.0,8.0,0.0344939267254031
0.0,8.0,0.0353440568076245
0.0,9.0,0.0361620085619111
0.0,9.0,0.03716551548166
0.0,10.0,0.0383586109085098
0.0,11.0,0.0396532592131145
0.0,12.0,0.0409948695327139
0.0,13.0,0.0423758257718132
0.0,14.0,0.0439222801422404
0.0,14.0,0.0453976045210484
0.0,15.0,0.0469712036286157
0.0,15.0,0.0485181908536943
0.0,17.0,0.0499818708464459
0.0,17.0,0.0515497575935974
0.0,18.0,0.0530607517724008
0.0,19.0,0.0545492458039756
0.0,20.0,0.055977657160971
0.0,20.0,0.0574063338240889
0.0,21.0,0.0587388522729778
0.0,21.0,0.0600622891118641
0.0,23.0,0.0613414976330083
0.0,22.0,0.062539319893988
0.0,23.0,0.0635739258193769
0.0,23.0,0.0645957357584467
0.0,23.0,0.0654537208090707
0.0,23.0,0.0662547214885877
0.0,23.0,0.0669211227887303
0.0,23.0,0.0674484845862794
0.0,23.0,0.067860967790882
0.0,23.0,0.0682418371876973
0.0,22.0,0.0685441132754908
0.0,23.0,0.0687594594894481
0.0,23.0,0.0689892086343891
0.0,23.0,0.0691027727241759
0.0,23.0,0.0691731972185019
0.0,23.0,0.0692198680830742
0.0,23.0,0.0692479632381173
0.0,23.0,0.0692250456635403
0.0,23.0,0.0691977016919894
0.0,23.0,0.0690766258805328
0.0,23.0,0.0689738259077135
0.0,23.0,0.0688583724433089
0.0,23.0,0.0687408020793142
0.0,23.0,0.0686568335862566
0.0,23.0,0.0686455997870766
0.0,23.0,0.0685522598699777
0.0,23.0,0.0685398911187036
0.0,23.0,0.0685941531404934
0.0,23.0,0.0686092500849316
0.0,23.0,0.0686629231239585
0.0,23.0,0.0686437436861457
0.0,23.0,0.0686052184873869
0.0,23.0,0.0685683556818873
0.0,23.0,0.0685779130218044
0.0,22.0,0.0686067555550442
0.0,23.0,0.0686687986817288
0.0,23.0,0.0686427370495287
0.0,23.0,0.0686889332261126
0.0,23.0,0.0687230047113104
0.0,23.0,0.0687015949172041
0.0,22.0,0.0687874143695133
0.0,23.0,0.068725905728321
0.0,23.0,0.0686811458243594
0.0,23.0,0.0687765888921526
0.0,23.0,0.0687779746993056
0.0,23.0,0.0687923686153626
0.0,23.0,0.0688273343677013
0.0,22.0,0.0688876610342169
0.0,23.0,0.0688425398083681
0.0,23.0,0.0688135692994098
0.0,22.0,0.0688105791750582
0.0,22.0,0.0687765834560158
0.0,23.0,0.0687632919884854
0.0,23.0,0.0687180589594248
0.0,22.0,0.0686059298511777
0.0,23.0,0.0685811144533204
0.0,23.0,0.0685390608394221
0.0,23.0,0.0685054521506635
0.0,23.0,0.0685245748034983
0.0,23.0,0.0685573189653139
0.0,23.0,0.0685273267118087
0.0,23.0,0.0685253164737513
0.0,23.0,0.0685298303925263
0.0,23.0,0.0685247161883541
0.0,23.0,0.0685221659154147
0.0,23.0,0.0685324853110975
0.0,23.0,0.0685398562594769
0.0,23.0,0.0685943163151973
0.0,23.0,0.0686153722847549
0.0,23.0,0.0686677945819757
0.0,23.0,0.0686883047407562
0.0,23.0,0.0687011659607158
0.0,23.0,0.0687797692359882
0.0,23.0,0.0687570797526477
0.0,22.0,0.0687932240367765
0.0,23.0,0.0688119568053556
0.0,23.0,0.0688237158712461
0.0,23.0,0.0687950387777672
0.0,23.0,0.0688125679630262
0.0,23.0,0.068822756823476
0.0,23.0,0.0688036196289756
0.0,23.0,0.0688172742304388
0.0,23.0,0.0688154692744942
0.0,23.0,0.0688081072504393
0.0,23.0,0.0688111753154011
0.0,23.0,0.0687834908604871
0.0,22.0,0.0687534515164476
0.0,23.0,0.0688227386350686
0.0,23.0,0.0688379897392839
0.0,23.0,0.0688988700083726
0.0,23.0,0.0688520294910336
0.0,23.0,0.0688290364674091
0.0,23.0,0.0688611444879758
0.0,23.0,0.0689014685949771
0.0,23.0,0.0688427073093307
0.0,23.0,0.0688276614192766
0.0,23.0,0.0687168932478571
0.0,23.0,0.0686944182201102
0.0,22.0,0.0686681973544054
0.0,23.0,0.068639718611965
0.0,23.0,0.0686302961335397
0.0,23.0,0.068619583342763
0.0,23.0,0.068575186323578
0.0,23.0,0.0685451416340041
0.0,23.0,0.0685192878434312
0.0,23.0,0.068523528233927
0.0,23.0,0.0685264284581677
0.0,23.0,0.068510590976005
0.0,23.0,0.0685387719087555
0.0,23.0,0.0685218490565957
0.0,23.0,0.0684185426623399
0.0,23.0,0.0683518472672008
0.0,23.0,0.0683192044213832
0.0,23.0,0.0682913337787865
0.0,23.0,0.0682390040770945
0.0,23.0,0.0682245874878173
0.0,23.0,0.0682544989693911
0.0,23.0,0.0683152443996386
0.0,23.0,0.0683751860744217
0.0,23.0,0.0683651716007077
0.0,23.0,0.0683414834537508
0.0,23.0,0.0683836155745237
0.0,22.0,0.0684105097737128
0.0,23.0,0.0684079277220242
0.0,23.0,0.0684853261228939
0.0,23.0,0.0685984623660704
0.0,23.0,0.0686442905841502
0.0,23.0,0.0687169290584078
0.0,23.0,0.0687967720220083
0.0,23.0,0.0688662853745191
0.0,23.0,0.0689321277718554
0.0,23.0,0.0689614426827254
0.0,23.0,0.0690054173593885
0.0,23.0,0.0690059824911016
0.0,23.0,0.0690144322181622
0.0,23.0,0.0690930640105018
0.0,23.0,0.0691089186164951
0.0,23.0,0.06907678640512
0.0,23.0,0.0690243285465048
0.0,23.0,0.0690042574690172
0.0,23.0,0.06897556612833
0.0,22.0,0.0690391320301624
0.0,23.0,0.0690731229019829
0.0,23.0,0.0690291566286811
0.0,23.0,0.0690213964755633
0.0,23.0,0.0690112014088573
0.0,23.0,0.0690309179143274
0.0,23.0,0.0691022196199153
0.0,23.0,0.0690580388457189
0.0,23.0,0.0690266239552344
0.0,23.0,0.0689778584339315
0.0,23.0,0.069045341434679
0.0,23.0,0.0690275642030316
0.0,23.0,0.0689735803302372
0.0,23.0,0.068878153321698
0.0,23.0,0.0688520903984154
0.0,23.0,0.0688343755464369
0.0,23.0,0.0687992058030679
0.0,23.0,0.0687885642936339
0.0,23.0,0.0687010581893054
0.0,23.0,0.0686029731364163
0.0,23.0,0.0685840593218339
0.0,23.0,0.0685928590001958
0.0,23.0,0.068636696980671
0.0,23.0,0.0685778650252473
0.0,23.0,0.0685677952388422
0.0,23.0,0.0685903833835341
0.0,23.0,0.0686226235928253
0.0,23.0,0.0686146298896837
0.0,23.0,0.0686340457088415
0.0,22.0,0.0686424878253108
0.0,23.0,0.0686957143763085
0.0,23.0,0.0686824030895296
0.0,23.0,0.0687218363949273
0.0,23.0,0.0686979741783425
0.0,23.0,0.0687414408706798
0.0,23.0,0.0687141467983339
0.0,23.0,0.0687701188475309
0.0,23.0,0.0687909482660908
0.0,23.0,0.0688380293777808
0.0,23.0,0.068794863303804
0.0,23.0,0.0688188373689017
0.0,23.0,0.0688020410201736
0.0,23.0,0.0688382340256777
0.0,23.0,0.0688416706154079
0.0,23.0,0.0688075723345861
0.0,23.0,0.068724885886422
0.0,23.0,0.0687034740537644
0.0,23.0,0.0687963644703083
0.0,23.0,0.0688263533488787
0.0,23.0,0.0688476430949658
0.0,23.0,0.0688115038845646
0.0,22.0,0.068724994994216
0.0,23.0,0.0686673877324434
0.0,23.0,0.0686741186210253
0.0,23.0,0.0686454988787887
0.0,23.0,0.0686689028290481
0.0,23.0,0.0686146655643309
0.0,22.0,0.0685710319599458
0.0,23.0,0.0686231791206968
0.0,23.0,0.0686116064463441
0.0,23.0,0.0686336472626706
0.0,23.0,0.0685954357743017
0.0,23.0,0.0685527832340403
0.0,23.0,0.0685758803823336
0.0,23.0,0.0686466657908366
0.0,23.0,0.0685994412104384
0.0,23.0,0.0685799546309009
0.0,23.0,0.0684932817957291
0.0,23.0,0.0685364521959647
0.0,23.0,0.0685628690570487
0.0,23.0,0.0685610361729517
0.0,23.0,0.0685977151464279
0.0,23.0,0.0685377627126242
0.0,23.0,0.0684339418333291
0.0,23.0,0.0684565659697761
0.0,23.0,0.0684464214138405
0.0,23.0,0.0684327909125834
0.0,23.0,0.0683695920858829
0.0,23.0,0.0684126445672528
0.0,23.0,0.0683629557407789
0.0,23.0,0.0683632006840392
0.0,23.0,0.0683295300459726
0.0,23.0,0.0682921827221375
0.0,23.0,0.0682585112006987
0.0,23.0,0.0683966275340245
0.0,23.0,0.068389506761187
0.0,23.0,0.0685078095993034
0.0,23.0,0.0684822864164453
0.0,23.0,0.0684540306235621
0.0,23.0,0.0683247896894527
0.0,23.0,0.0682695534440111
0.0,23.0,0.0681205998097272
0.0,23.0,0.0679481239892104
0.0,23.0,0.0677110261387494
0.0,23.0,0.0675684316971993
0.0,23.0,0.0674885753924132
0.0,23.0,0.0673813288862636
0.0,23.0,0.0673612453736132
0.0,22.0,0.0671631808647909
0.0,22.0,0.0671565454483602
0.0,23.0,0.0671844483906691
0.0,23.0,0.0673022909239088
0.0,23.0,0.0675248969172496
0.0,22.0,0.0678304995130048
0.0,23.0,0.0681241002740639
0.0,23.0,0.0685486510226652
0.0,23.0,0.0690352744569445
0.0,23.0,0.0696328462932261
0.0,23.0,0.0702689802260445
0.0,23.0,0.0710284369068299
0.0,23.0,0.0718905298874182
0.0,23.0,0.072863506421428
0.0,24.0,0.0738846100251335
0.0,25.0,0.0750215690049517
0.0,25.0,0.0762401887924892
0.0,26.0,0.0775453065074996
0.0,26.0,0.0789772415909668
0.0,28.0,0.0806006634351759
0.0,28.0,0.0822901147251257
0.0,29.0,0.0840185412127016
0.0,29.0,0.085770596661296
0.0,31.0,0.0876741736392568
0.0,31.0,0.0897230858682991
0.0,32.0,0.0919135789938509
0.0,32.0,0.094216065210979
0.0,33.0,0.0965674832498924
0.0,34.0,0.098997146345319
0.0,35.0,0.1014118761013721
0.0,35.0,0.103947871458005
0.0,36.0,0.1064431835149029
0.0,37.0,0.108882824005061
0.0,38.0,0.1113683009354555
0.0,39.0,0.1137816926544069
0.0,42.0,0.1161902024281275
0.0,42.0,0.1185773171079614
0.0,43.0,0.120785743504935
0.0,44.0,0.1230152207977387
0.0,45.0,0.1249326305465436
0.0,45.0,0.12678051708984
0.0,46.0,0.1285150002264907
0.0,47.0,0.1303199122743285
0.0,48.0,0.1319033160886842
0.0,48.0,0.1333795772950534
0.0,49.0,0.1348240749280687
0.0,50.0,0.1361689289677976
0.0,50.0,0.1373541167863211
0.0,50.0,0.1383742313302517
0.0,50.0,0.1393948975741077
0.0,50.0,0.1401279670207542
0.0,50.0,0.1409827503907058
0.0,50.0,0.14162422371966
0.0,50.0,0.142201119708244
0.0,50.0,0.1427165277582564
0.0,50.0,0.1431757934494385
0.0,50.0,0.1435018598609087
0.0,50.0,0.1438259480169258
0.0,50.0,0.1439541680672101
0.0,50.0,0.14407817601756
0.0,50.0,0.1441429783460385
0.0,50.0,0.1442187627805671
0.0,50.0,0.1441355854266066
0.0,50.0,0.144031905841565
0.0,50.0,0.1439464693197866
0.0,50.0,0.1438288941312206
0.0,50.0,0.143716695417773
0.0,50.0,0.1436454080273451
0.0,50.0,0.1435365587895368
0.0,50.0,0.1434514659222012
0.0,50.0,0.1433332108088351
0.0,50.0,0.1432781249631761
0.0,50.0,0.1431480829237188
0.0,50.0,0.143164644521943
0.0,50.0,0.1433249184579325
0.0,50.0,0.1434352936872695
0.0,50.0,0.1435109213798559
0.0,50.0,0.1435078140388063
0.0,50.0,0.1435191669346816
0.0,50.0,0.1435412525538349
0.0,50.0,0.1436725043149167
0.0,50.0,0.1437484506330666
0.0,50.0,0.1437942901990817
0.0,50.0,0.1438582764275353
0.0,50.0,0.143865194387172
0.0,50.0,0.1439695890733484
0.0,50.0,0.1440522615234605
0.0,50.0,0.1440919751070071
0.0,50.0,0.1441017181589448
0.0,50.0,0.1441132492015506
0.0,50.0,0.1441938244354177
0.0,50.0,0.1442788820811175
0.0,50.0,0.1443725842940781
0.0,50.0,0.1442622714217594
0.0,50.0,0.1441922046931812
0.0,50.0,0.1441140561054442
0.0,50.0,0.144076524564526
0.0,50.0,0.1440133157036231
0.0,50.0,0.143929185123089
0.0,50.0,0.1438903944823044
0.0,50.0,0.1438295856984135
0.0,50.0,0.1438987469251683
0.0,50.0,0.1438665203741706
0.0,50.0,0.143910648621696
0.0,50.0,0.1438997346032585
0.0,50.0,0.1439099561031792
0.0,50.0,0.1438718004937656
0.0,50.0,0.1438737465174581
0.0,50.0,0.1438531658474542
0.0,50.0,0.1439051588484282
0.0,50.0,0.1438755989942979
0.0,50.0,0.143862760470209
0.0,50.0,0.1438300159912854
0.0,50.0,0.1438170456182305
0.0,50.0,0.1438548951731468
0.0,50.0,0.14382916885998
0.0,50.0,0.1438087764388606
0.0,50.0,0.1438987124736519
0.0,50.0,0.1439540897641907
0.0,50.0,0.1439960443497986
0.0,50.0,0.1441590209064589
0.0,50.0,0.1442111761308128
0.0,50.0,0.1443535308613843
0.0,50.0,0.144485067113621
0.0,50.0,0.144603598881045
0.0,50.0,0.1444979749711036
0.0,50.0,0.144352085483233
0.0,50.0,0.1441661260277527
0.0,50.0,0.143972277446811
0.0,50.0,0.1438295865817857
0.0,50.0,0.1435728246619234
0.0,50.0,0.1432866111350033
0.0,50.0,0.14295513307208
0.0,50.0,0.1426217236403829
0.0,50.0,0.1423285218691084
0.0,50.0,0.1420353732360703
0.0,50.0,0.1416693816620822
0.0,50.0,0.1413299211080493
0.0,50.0,0.1410548341298619
0.0,50.0,0.1407904954358937
0.0,50.0,0.1405172240594186
0.0,50.0,0.1402607960542544
0.0,50.0,0.1400959432603066
0.0,48.0,0.1399041479988058
0.0,48.0,0.139897158939031
0.0,47.0,0.1399792158599125
0.0,46.0,0.140227819656148
0.0,46.0,0.1404300135450242
0.0,45.0,0.1407553698158344
0.0,46.0,0.1411888808579871
0.0,47.0,0.1417112102652216
0.0,48.0,0.1422961334571398
0.0,48.0,0.1429856970033129
0.0,49.0,0.143859862420423
0.0,50.0,0.1447887011030658
0.0,51.0,0.1459245555052039
0.0,51.0,0.1470463618201826
0.0,52.0,0.1483875026161235
0.0,53.0,0.1497444568166714
0.0,54.0,0.151274501936606
0.0,54.0,0.1528965056739498
0.0,55.0,0.1546257688056174
0.0,56.0,0.1564762205938796
0.0,56.0,0.1584893629074086
0.0,57.0,0.1606443417064751
0.0,58.0,0.1628601776936999
0.0,59.0,0.1652170180298341
0.0,60.0,0.1677573048086963
0.0,61.0,0.1702085176560991
0.0,61.0,0.1727520631044669
0.0,62.0,0.1752703330766064
0.0,62.0,0.1776583885025501
0.0,63.0,0.1801110467734053
0.0,64.0,0.1824415982468246
0.0,65.0,0.1848424207569604
0.0,65.0,0.1870443077985693
0.0,66.0,0.1893307343767475
0.0,67.0,0.1914435372488394
0.0,67.0,0.1935287424176992
0.0,68.0,0.1955656971392102
0.0,69.0,0.197482299961471
0.0,70.0,0.1994332190536359
0.0,71.0,0.2012497337198795
0.0,72.0,0.2029661819520024
0.0,72.0,0.2045664831819281
0.0,73.0,0.2060897888966667
0.0,74.0,0.2075040880880412
0.0,75.0,0.2088082073885914
0.0,75.0,0.2100168299394984
0.0,75.0,0.2111028776868992
0.0,75.0,0.2121724631588236
0.0,75.0,0.2130571824276632
0.0,75.0,0.2138526808307979
0.0,75.0,0.2145914731250741
0.0,75.0,0.215252181159231
0.0,75.0,0.2158317156447232
0.0,75.0,0.2163219103263694
0.0,75.0,0.2166824179029849
0.0,75.0,0.2169823591247566
0.0,75.0,0.2172328828285777
0.0,75.0,0.2174994752089261
0.0,75.0,0.2176708595664426
0.0,75.0,0.2178256952365597
0.0,75.0,0.2178468941991637
0.0,75.0,0.2178505276449948
0.0,75.0,0.2178213736664222
0.0,75.0,0.2177288831230351
0.0,75.0,0.2176202107408747
0.0,75.0,0.2175343996239751
0.0,75.0,0.2174900787333547
0.0,75.0,0.217358261885861
0.0,75.0,0.2172205030691268
0.0,75.0,0.2171540115970663
0.0,75.0,0.2171345199891023
0.0,75.0,0.2170664194432236
0.0,75.0,0.2170610847810569
0.0,75.0,0.2170722034926925
0.0,75.0,0.2170940622663906
0.0,75.0,0.2171152302203647
0.0,75.0,0.2171878912092885
0.0,75.0,0.2171090853699717
0.0,75.0,0.2170953738023258
0.0,75.0,0.2170867961901488
0.0,75.0,0.217129923554302
0.0,75.0,0.2171350621984389
0.0,75.0,0.2170985750752878
0.0,75.0,0.2171008953316922
0.0,75.0,0.217094148882169
0.0,75.0,0.2171014438831883
0.0,75.0,0.2170599806337376
0.0,75.0,0.2171744622074991
0.0,75.0,0.2172148563953629
0.0,75.0,0.2172357194500188
0.0,75.0,0.2173047995650837
0.0,75.0,0.2173504517429359
0.0,75.0,0.2173321881356062
0.0,75.0,0.2173403923304917
0.0,75.0,0.2172992532333434
0.0,75.0,0.2172925620285596
0.0,75.0,0.2173003442659829
0.0,75.0,0.2173334660580959
0.0,75.0,0.217309346576341
0.0,75.0,0.2174007376384262
0.0,75.0,0.2175547778884884
0.0,75.0,0.2175916202631742
0.0,75.0,0.2176616765951409
0.0,75.0,0.2176788863620666
0.0,75.0,0.2177222064825676
0.0,75.0,0.217650610274273
0.0,75.0,0.2176678229631221
0.0,75.0,0.2175984421843955
0.0,75.0,0.2174082759065637
0.0,75.0,0.2172445471697859
0.0,75.0,0.2170912960655707
0.0,75.0,0.2170821189607665
0.0,75.0,0.2169385363881148
0.0,75.0,0.2167972030396811
0.0,75.0,0.2167054807809663
0.0,75.0,0.2168301981924592
0.0,75.0,0.2169010970576657
0.0,75.0,0.2169899860245731
0.0,75.0,0.2171913459647756
0.0,75.0,0.2174393880721846
0.0,75.0,0.2177808575731925
0.0,75.0,0.2181868392941827
0.0,75.0,0.21867171990303
0.0,75.0,0.2192645733311937
0.0,75.0,0.2199481112142713
0.0,75.0,0.2206250063421337
0.0,75.0,0.2213136440689224
0.0,75.0,0.2221318582300585
0.0,76.0,0.2231611711476783
0.0,76.0,0.2242224633400268
0.0,78.0,0.2253175386078697
0.0,78.0,0.2263978461120033
0.0,79.0,0.2277013658972757
0.0,80.0,0.2290419732269999
0.0,81.0,0.2305101544542076
0.0,81.0,0.2320483842668872
0.0,82.0,0.2337382021336564
0.0,83.0,0.2357048450247748
0.0,83.0,0.2376408188860172
0.0,84.0,0.2396575094339342
0.0,85.0,0.2417152678656086
0.0,86.0,0.2438248957167488
0.0,86.0,0.2459931833336821
0.0,87.0,0.2482883198713157
0.0,88.0,0.2505298391809262
0.0,89.0,0.2528588422161022
0.0,89.0,0.2552312270492805
0.0,90.0,0.2576091173978725
0.0,91.0,0.2598865167727164
0.0,92.0,0.2621409988447904
0.0,92.0,0.2643229636231543
0.0,94.0,0.2663688993861384
0.0,94.0,0.2683957280798799
0.0,94.0,0.2702385063308027
0.0,95.0,0.2720561004778953
0.0,96.0,0.2738302776733015
0.0,97.0,0.2755283808919473
0.0,98.0,0.2770885222994534
0.0,98.0,0.278557425309714
0.0,99.0,0.2799982503340632
0.0,100.0,0.2813216298896588
0.0,100.0,0.2825178700536489
0.0,100.0,0.2835450637386699
0.0,100.0,0.2846549180955069
0.0,100.0,0.2856670850302052
0.0,100.0,0.2866429869079372
0.0,100.0,0.2873579457971533
0.0,100.0,0.2880416460848153
0.0,100.0,0.2886358385240552
0.0,100.0,0.2891401545221524
0.0,100.0,0.2895969001789057
0.0,100.0,0.2900481303766452
0.0,100.0,0.2902704809848129
0.0,100.0,0.2904694563183425
0.0,100.0,0.2904919958549118
0.0,100.0,0.2903856991097986
0.0,100.0,0.2902537165733879
0.0,100.0,0.2901950944981427
0.0,100.0,0.2899230846224944
0.0,100.0,0.2896064961153935
0.0,100.0,0.2892616211012369
0.0,100.0,0.2890085767061204
0.0,100.0,0.2888665892092349
0.0,100.0,0.2887017649323544
0.0,100.0,0.2886491304672475
0.0,100.0,0.2886765628892729
0.0,100.0,0.2887848697818413
0.0,100.0,0.2889251578517862
0.0,100.0,0.2891087947858051
0.0,100.0,0.2893852022016016
0.0,100.0,0.2897783168361346
0.0,100.0,0.290252723096752
0.0,100.0,0.2907192984665225
0.0,100.0,0.2912700579174726
0.0,100.0,0.2919441828806654
0.0,100.0,0.2928335147568119
0.0,100.0,0.2937105872839359
0.0,101.0,0.2946286411469904
0.0,101.0,0.2956579152188832
0.0,102.0,0.2968456850890953
0.0,103.0,0.2980651721442947
0.0,104.0,0.2993453363156234
0.0,104.0,0.3007967268567453
0.0,105.0,0.3022897564836903
0.0,106.0,0.3040266726086306
0.0,107.0,0.3058575346893117
0.0,108.0,0.3076838301659927
0.0,108.0,0.3097054063058824
0.0,109.0,0.3117123020906112
0.0,110.0,0.3138988192937186
0.0,110.0,0.3161129148564717
0.0,111.0,0.3184803051257867
0.0,112.0,0.3209767237083138
0.0,112.0,0.3234565118348849
0.0,114.0,0.3258542310810736
0.0,114.0,0.328280127726524
0.0,115.0,0.3306117917279734
0.0,116.0,0.3329841429703569
0.0,117.0,0.3352709753108399
0.0,117.0,0.3375490530475947
0.0,119.0,0.3397594100658735
0.0,119.0,0.3418390217671575
0.0,120.0,0.3437389107340648
0.0,120.0,0.3455741027882448
0.0,121.0,0.3472968743572495
0.0,122.0,0.3489444381978799
0.0,123.0,0.3505767322475751
0.0,123.0,0.3521453005956689
0.0,124.0,0.3534778420575364
0.0,125.0,0.3548961126185909
0.0,125.0,0.3561105566150573
0.0,125.0,0.3572130455502539
0.0,125.0,0.3582287152143458
0.0,125.0,0.3590737183627749
0.0,125.0,0.3598330956986148
0.0,125.0,0.3603689758544507
0.0,125.0,0.3608518329067055
0.0,125.0,0.3612154481641292
0.0,125.0,0.3615474514484617
0.0,125.0,0.3618075475321782
0.0,125.0,0.361940970305061
0.0,125.0,0.3620702788284702
0.0,125.0,0.3621175805793593
0.0,125.0,0.3622163949126398
0.0,125.0,0.3623149571677305
0.0,125.0,0.3623363246052715
0.0,125.0,0.3623331259371251
0.0,125.0,0.3624916726765755
0.0,125.0,0.3627201848059554
0.0,125.0,0.3628778810391658
0.0,125.0,0.3631375843393538
0.0,125.0,0.363496671589348
0.0,125.0,0.3639917324740793
0.0,125.0,0.3646250902171764
0.0,125.0,0.3653909347436661
0.0,125.0,0.3662169297378901
0.0,126.0,0.3671988378218784
0.0,126.0,0.3683513805748285
0.0,127.0,0.3694744368841446
0.0,128.0,0.3708549512559308
0.0,128.0,0.3722464429318463
0.0,130.0,0.3737743616616021
0.0,130.0,0.375241577249724
0.0,131.0,0.376751133275908
0.0,131.0,0.3784584434301581
0.0,133.0,0.3802363694533974
0.0,133.0,0.3821765187206512
0.0,134.0,0.3842482047384543
0.0,134.0,0.3864729521166506
0.0,135.0,0.3886791884753448
0.0,136.0,0.3909317887380911
0.0,137.0,0.3932336354163848
0.0,137.0,0.3955926905252205
0.0,138.0,0.398048569842985
0.0,139.0,0.4005634256041572
0.0,140.0,0.4029452788964172
0.0,141.0,0.4053776634804392
0.0,141.0,0.4077423281614057
0.0,142.0,0.4100883357493461
0.0,143.0,0.4123050236697972
0.0,144.0,0.414450791863867
0.0,144.0,0.4165149979840507
0.0,145.0,0.418536380235064
0.0,145.0,0.4203891472513043
0.0,147.0,0.4222098176402143
0.0,148.0,0.4238232677976357
0.0,148.0,0.4254620168293235
0.0,149.0,0.4269348300300754
0.0,150.0,0.4283213904504697
0.0,150.0,0.4296839280164394
0.0,150.0,0.4309179606785608
0.0,150.0,0.4320137325420231
0.0,150.0,0.433001575211166
0.0,150.0,0.4338806746698173
0.0,150.0,0.4347636302520501
0.0,150.0,0.4355444029082823
0.0,150.0,0.4362783287503172
0.0,150.0,0.4369132752496715
0.0,150.0,0.4374286504337074
0.0,150.0,0.4378456582708044
0.0,150.0,0.4382924693877039
0.0,150.0,0.4386142650795656
0.0,150.0,0.4389136339440924
0.0,150.0,0.4390882196198722
0.0,150.0,0.4392131632879054
0.0,150.0,0.439323903349968
0.0,150.0,0.4394101441481741
0.0,150.0,0.4394327311603374
0.0,150.0,0.4392920146775178
0.0,150.0,0.4392369438491865
0.0,150.0,0.4390796047248576
0.0,150.0,0.4390216163219492
0.0,150.0,0.4389162593263209
0.0,150.0,0.4388656177715856
0.0,150.0,0.4387365051756039
0.0,150.0,0.4386305504087915
0.0,150.0,0.4385550443271135
0.0,150.0,0.4384775845885011
0.0,150.0,0.438361314639012
0.0,150.0,0.4381928710276052
0.0,150.0,0.4382576896191928
0.0,150.0,0.4382966794490869
0.0,150.0,0.4383251214976045
0.0,150.0,0.4384876405580588
0.0,150.0,0.4386923322838058
0.0,150.0,0.4389206789507743
0.0,150.0,0.4393525044054845
0.0,150.0,0.4397844359101618
0.0,150.0,0.4402517663593225
0.0,150.0,0.4408072712631707
0.0,150.0,0.4415463042650507
0.0,150.0,0.4421819081971895
0.0,150.0,0.4429257562798187
0.0,150.0,0.4437594576547082
0.0,150.0,0.4447018006975856
0.0,151.0,0.445678842148128
0.0,152.0,0.4468139182540419
0.0,153.0,0.4479678639153251
0.0,153.0,0.4493354403949735
0.0,154.0,0.4507741597317646
0.0,155.0,0.4522418837119225
0.0,155.0,0.4538328533828096
0.0,156.0,0.4555158707557963
0.0,157.0,0.4573581836734159
0.0,158.0,0.4592742040362779
0.0,159.0,0.4612645160252241
0.0,159.0,0.4634274404855741
0.0,160.0,0.4656352654872727
0.0,161.0,0.4679337805838771
0.0,162.0,0.4703111468662388
0.0,162.0,0.4727001663004272
0.0,163.0,0.4751366801512504
0.0,164.0,0.4775417624634201
0.0,164.0,0.4799525122652274
0.0,166.0,0.4824662111712047
0.0,166.0,0.4848547183854108
0.0,167.0,0.4872258145597293
0.0,168.0,0.4896179293528161
0.0,169.0,0.4918036455185274
0.0,169.0,0.4941020214273812
0.0,170.0,0.4962933176515309
0.0,170.0,0.498345206844944
0.0,171.0,0.5001875416430139
0.0,172.0,0.5019760813381371
0.0,173.0,0.5036093219324878
0.0,174.0,0.5052779875647783
0.0,175.0,0.5069206073749662
0.0,175.0,0.5084050298533914
0.0,175.0,0.5097430420167472
0.0,175.0,0.5110770532514296
0.0,175.0,0.512330293075661
0.0,175.0,0.5135015117216098
0.0,175.0,0.5144593694307311
0.0,175.0,0.5154455244738805
0.0,175.0,0.5163071929601426
0.0,175.0,0.5170833639039919
0.0,175.0,0.5177533651271226
0.0,175.0,0.5182786142380876
0.0,175.0,0.5188582304694858
0.0,175.0,0.5193480398422914
0.0,175.0,0.5196364041087527
0.0,175.0,0.5198708493963017
0.0,175.0,0.5200930541801019
0.0,175.0,0.5203493017961294
0.0,175.0,0.5203752907879526
0.0,175.0,0.5204663312192194
0.0,175.0,0.5204716997666384
0.0,175.0,0.5205346189947069
0.0,175.0,0.5206024706787769
0.0,175.0,0.5205881940926705
0.0,175.0,0.5205727235497365
0.0,175.0,0.5206207824412177
0.0,175.0,0.5205256164351927
0.0,175.0,0.5206782804592928
0.0,175.0,0.5207715675326127
0.0,175.0,0.5208406739223383
0.0,175.0,0.5208761913293011
0.0,175.0,0.520853009852937
0.0,175.0,0.5209184569751821
0.0,175.0,0.5207561277718027
0.0,175.0,0.5206282488843986
0.0,175.0,0.5205971896531589
0.0,175.0,0.5204410386191605
0.0,175.0,0.5203343813449302
0.0,175.0,0.520291102176659
0.0,175.0,0.520204950802902
0.0,175.0,0.5202741528686339
0.0,175.0,0.5203065258782151
0.0,175.0,0.520381538041571
0.0,175.0,0.5206026216674743
0.0,175.0,0.5207658720921723
0.0,175.0,0.5208706790640177
0.0,175.0,0.5212164828874338
0.0,175.0,0.5216180575776872
0.0,175.0,0.5221174721737142
0.0,175.0,0.522683742304408
0.0,175.0,0.5233891283607173
0.0,175.0,0.5239634959794628
0.0,175.0,0.5248017841400098
0.0,175.0,0.5257869408366507
0.0,176.0,0.5266942049649433
0.0,177.0,0.5277878405852291
0.0,177.0,0.5289158898275674
0.0,178.0,0.5302942530068011
0.0,179.0,0.531682601553767
0.0,179.0,0.5331979423315873
0.0,180.0,0.534726212937943
0.0,181.0,0.5363190586875634
0.0,182.0,0.5380892396882654
0.0,183.0,0.5400248932931032
0.0,183.0,0.5419502160863713
0.0,184.0,0.5441271952931481
0.0,184.0,0.546406135699499
0.0,186.0,0.5488195230468904
0.0,186.0,0.5512385649957453
0.0,187.0,0.5537894959115075
0.0,188.0,0.5563676468096023
0.0,189.0,0.558966130150108
0.0,189.0,0.5614608186368231
0.0,190.0,0.5640717088268612
0.0,191.0,0.5666468109129784
0.0,191.0,0.5691136598336783
0.0,192.0,0.571634021857733
0.0,193.0,0.5741594888898286
0.0,194.0,0.5764144806676714
0.0,195.0,0.5784184361819524
0.0,195.0,0.5805967562118509
0.0,196.0,0.5826135516998573
0.0,197.0,0.5844994406894151
0.0,197.0,0.5862614614373367
0.0,198.0,0.588043646107431
0.0,199.0,0.5896678834627503
0.0,200.0,0.5911662414776542
0.0,200.0,0.5925799986861978
0.0,200.0,0.5939900487892577
0.0,200.0,0.5952338267457232
0.0,200.0,0.5963300139526813
0.0,200.0,0.5973822934154097
0.0,200.0,0.5983743408004012
0.0,200.0,0.5991876919521827
0.0,200.0,0.5999400452331176
0.0,200.0,0.6005847726335116
0.0,200.0,0.6012235904323292
0.0,200.0,0.6017484404176063
0.0,200.0,0.6022306375002128
0.0,200.0,0.6025526940813358
0.0,200.0,0.6028978853200954
0.0,200.0,0.6031198757842056
0.0,200.0,0.603320361412419
0.0,200.0,0.6035485806472829
0.0,200.0,0.6035486177262653
0.0,200.0,0.6036790821535457
0.0,200.0,0.6037616650433053
0.0,200.0,0.6037208678112049
0.0,200.0,0.6037148088291217
0.0,200.0,0.6037841086320617
0.0,200.0,0.6039269869305509
0.0,200.0,0.6040106569797026
0.0,200.0,0.6041833221589817
0.0,200.0,0.6044857283742979
0.0,200.0,0.6046537952614303
0.0,200.0,0.6049152512853492
0.0,200.0,0.605047360619649
0.0,200.0,0.6053054597385419
0.0,200.0,0.6055506760288314
0.0,200.0,0.6057287228702095
0.0,200.0,0.6057971764252165
0.0,200.0,0.6058297028924071
0.0,200.0,0.6059615254025431
0.0,200.0,0.6060759172347479
0.0,200.0,0.6059520807718608
0.0,200.0,0.6059642200049123
0.0,200.0,0.6060356810119567
0.0,200.0,0.6058935909532918
0.0,200.0,0.605826389249969
0.0,200.0,0.60569231334791
0.0,200.0,0.6057247438446369
0.0,200.0,0.6056637479217395
0.0,200.0,0.6057493230876548
0.0,200.0,0.6056839208814895
0.0,200.0,0.6057496042944773
0.0,200.0,0.605857860268565
0.0,200.0,0.6060425824593281
0.0,200.0,0.6062428019433481
0.0,200.0,0.6065077499149895
0.0,200.0,0.606848124759267
0.0,200.0,0.6071382558381133
0.0,200.0,0.6076939547667414
0.0,200.0,0.6082280181883364
0.0,200.0,0.6088202908332433
0.0,200.0,0.6096532847175895
0.0,200.0,0.6105097451357189
0.0,201.0,0.6115813807786551
0.0,202.0,0.6127871628348738
0.0,202.0,0.6139885549841861
0.0,203.0,0.615224471562138
0.0,204.0,0.6166122129379332
0.0,205.0,0.6180612973339558
0.0,205.0,0.619644100568457
0.0,206.0,0.6214862536863077
0.0,207.0,0.6232752412511448
0.0,208.0,0.6253071867765244
0.0,208.0,0.6274330749053607
0.0,209.0,0.6296376452920056
0.0,210.0,0.6321024666922636
0.0,211.0,0.6345648015582851
0.0,211.0,0.6370252080907092
0.0,212.0,0.639404508256058
0.0,213.0,0.6419674049921107
0.0,214.0,0.6446406476703135
0.0,214.0,0.6472905934675002
0.0,215.0,0.6497791831750811
0.0,216.0,0.6524113663502376
0.0,216.0,0.655042228249714
0.0,217.0,0.657501162970772
0.0,218.0,0.6599421371491222
0.0,219.0,0.6621725937619559
0.0,220.0,0.6644763255565601
0.0,220.0,0.6667283503136325
0.0,221.0,0.6688975113818332
0.0,222.0,0.6709380336813188
0.0,222.0,0.6729923982195867
0.0,223.0,0.6747628974607923
0.0,224.0,0.6764938267910148
0.0,225.0,0.6782405473735873
0.0,225.0,0.6798182979908151
0.0,225.0,0.681424484042594
0.0,225.0,0.6828352705383244
0.0,225.0,0.6842498502796546
0.0,225.0,0.685242972003816
0.0,225.0,0.6864451131168647
0.0,225.0,0.6873981240344393
0.0,225.0,0.6881688524088078
0.0,225.0,0.6889259141316099
0.0,225.0,0.6895950559015254
0.0,225.0,0.6903487391106581
0.0,225.0,0.6909022484087168
0.0,225.0,0.6913547774580723
0.0,225.0,0.6916760932976158
0.0,225.0,0.6920966523363254
0.0,225.0,0.692473234546568
0.0,225.0,0.6925981390970675
0.0,225.0,0.6928540248928952
0.0,225.0,0.6929707616932756
0.0,225.0,0.6929889472240919
0.0,225.0,0.6931084070759571
0.0,225.0,0.6932065734896924
0.0,225.0,0.6933507321342821
0.0,225.0,0.6935556672177495
0.0,225.0,0.693694201748543
0.0,225.0,0.693694779156865
0.0,225.0,0.6937389827175344
0.0,225.0,0.6937782473894409
0.0,225.0,0.6939781229472111
0.0,225.0,0.6940700402273308
0.0,225.0,0.6941305604203135
0.0,225.0,0.6941167553058151
0.0,225.0,0.694213651611507
0.0,225.0,0.694305889782247
0.0,225.0,0.6945317960541897
0.0,225.0,0.6946152379894545
0.0,225.0,0.6945953717637187
0.0,225.0,0.6948776465604298
0.0,225.0,0.6949349803845255
0.0,225.0,0.6950050358557706
0.0,225.0,0.6951343413440038
0.0,225.0,0.6951140164215819
0.0,225.0,0.6952544393756692
0.0,225.0,0.6953952498583528
0.0,225.0,0.6955756683276272
0.0,225.0,0.695533357380607
0.0,225.0,0.6955261307616576
0.0,225.0,0.695566146843562
0.0,225.0,0.6956641450088658
0.0,225.0,0.6957467526103971
0.0,225.0,0.6957047203786364
0.0,225.0,0.6957746442727222
0.0,225.0,0.6958591081110879
0.0,225.0,0.6958065268748197
0.0,225.0,0.695700391582967
0.0,225.0,0.6958318689663734
0.0,225.0,0.6957926294592497
0.0,225.0,0.6957067276947704
0.0,225.0,0.6958655806925732
0.0,225.0,0.6960372645359219
0.0,225.0,0.6961293650591499
0.0,225.0,0.696107140727908
0.0,225.0,0.6960677856575781
0.0,225.0,0.6961597072866069
0.0,225.0,0.6963117548075021
0.0,225.0,0.6963445334208342
0.0,225.0,0.6963959091711344
0.0,225.0,0.6965636987473423
0.0,225.0,0.6966120747014974
0.0,225.0,0.6966369973271515
0.0,225.0,0.696534402794999
0.0,225.0,0.6965590823347394
0.0,225.0,0.696513764501946
0.0,225.0,0.6961985477812956
0.0,225.0,0.6959573506986889
0.0,225.0,0.6957118265871576
0.0,225.0,0.695663022514585
0.0,225.0,0.6957272467778753
0.0,225.0,0.695770796393948
0.0,225.0,0.695742075358364
0.0,225.0,0.6958669743821245
0.0,225.0,0.6960149456612021
0.0,225.0,0.6962359500327622
0.0,225.0,0.6963507876281777
0.0,225.0,0.6967307148292466
0.0,225.0,0.6969575197851913
0.0,225.0,0.6973466823256792
0.0,225.0,0.6978527425308932
0.0,225.0,0.6982501021992888
0.0,225.0,0.6988748857504451
0.0,225.0,0.6996634070533057
0.0,225.0,0.7003671699018413
0.0,225.0,0.7013096806268858
0.0,226.0,0.7022421624951048
0.0,227.0,0.7032374276426732
0.0,228.0,0.704248082470642
0.0,228.0,0.7054645909759307
0.0,229.0,0.7066565209630197
0.0,230.0,0.707867431357366
0.0,230.0,0.7091556372963452
0.0,231.0,0.7105390829236526
0.0,232.0,0.7121819982105219
0.0,233.0,0.7138628292599226
0.0,233.0,0.7154908549003673
0.0,235.0,0.7173369713016445
0.0,235.0,0.7192072472308839
0.0,236.0,0.7210307446373935
0.0,236.0,0.7231483805974376
0.0,238.0,0.7253382782168624
0.0,238.0,0.7275373708350417
0.0,239.0,0.7297072222020032
0.0,239.0,0.7319103752972035
0.0,240.0,0.7341422594395391
0.0,241.0,0.736277704885642
0.0,242.0,0.738360243742694
0.0,242.0,0.7403457259280207
0.0,244.0,0.7421735384039543
0.0,244.0,0.7440428830776725
0.0,245.0,0.7457521982603492
0.0,246.0,0.7474442123943046
0.0,246.0,0.7489283098823561
0.0,247.0,0.7503654461708336
0.0,248.0,0.751502503567377
0.0,249.0,0.7527450920518273
0.0,249.0,0.7542297329949968
0.0,250.0,0.75550797925199
0.0,250.0,0.7567172160636956
0.0,250.0,0.7578008974381322
0.0,250.0,0.7588303740061177
0.0,250.0,0.7599312883416631
0.0,250.0,0.7608066819859132
0.0,250.0,0.7615437915014173
0.0,250.0,0.7621631341365847
0.0,250.0,0.762676278851074
0.0,250.0,0.7631542781036051
0.0,250.0,0.7635769329315741
0.0,250.0,0.7639101575346228
0.0,250.0,0.7641242115109302
0.0,250.0,0.7643128952863273
0.0,250.0,0.7645506839112111
0.0,250.0,0.764697556071396
0.0,250.0,0.7647109804298186
0.0,250.0,0.7648243574938517
0.0,250.0,0.7647615660376467
0.0,250.0,0.7646767140817698
0.0,250.0,0.7646612023827506
0.0,250.0,0.7645726083942119
0.0,250.0,0.7644854603727392
0.0,250.0,0.7645817759404756
0.0,250.0,0.7647661601847393
0.0,250.0,0.765077913769192
0.0,250.0,0.7655112015673301
0.0,250.0,0.7659938648439614
0.0,250.0,0.7663598299847347
0.0,250.0,0.7669406065821659
0.0,250.0,0.767629440734695
0.0,250.0,0.7684301492671644
0.0,251.0,0.769290692042765
0.0,252.0,0.7702568492377184
0.0,252.0,0.7712984143014797
0.0,253.0,0.7723126417811507
0.0,254.0,0.7732309255927884
0.0,255.0,0.7742710531834471
0.0,256.0,0.775256911073773
0.0,257.0,0.7763146307503227
0.0,257.0,0.7775680482003214
0.0,258.0,0.7787933554552987
0.0,258.0,0.7802897877187701
0.0,260.0,0.7814976526081218
0.0,260.0,0.782867891820788
0.0,261.0,0.7842278328840053
0.0,261.0,0.7857071119616741
0.0,263.0,0.7872357846156413
0.0,263.0,0.7888756393122367
0.0,264.0,0.7904488516839776
0.0,265.0,0.7918573431107369
0.0,266.0,0.793172752950144
0.0,266.0,0.7947109886519718
0.0,267.0,0.7961777173434482
0.0,267.0,0.7975526478515004
0.0,268.0,0.7986007235723546
0.0,269.0,0.7997252194159751
0.0,270.0,0.8008743089536767
0.0,271.0,0.8018052932115307
0.0,272.0,0.8027090497858584
0.0,272.0,0.8037092186685056
0.0,273.0,0.8043525412126176
0.0,274.0,0.8051245325827504
0.0,274.0,0.8057433621372139
0.0,275.0,0.8065211425399407
0.0,275.0,0.8069581704001414
0.0,275.0,0.8073964707693456
0.0,275.0,0.8077039129990676
0.0,275.0,0.808043697863957
0.0,275.0,0.8084017398581131
0.0,275.0,0.8086477638450663
0.0,275.0,0.8089278777774317
0.0,275.0,0.8091483804615242
0.0,275.0,0.8094227038210566
0.0,275.0,0.80964776479639
0.0,275.0,0.8097929855261915
0.0,275.0,0.8098284325578342
0.0,275.0,0.8098823029512747
0.0,275.0,0.8097719374390321
0.0,275.0,0.8098037350108911
0.0,275.0,0.8097076472625842
0.0,275.0,0.8098318487847024
0.0,275.0,0.8098863159074006
0.0,275.0,0.8100086839112058
0.0,275.0,0.8098647682166261
0.0,275.0,0.8096511892227642
0.0,275.0,0.8096211745904967
0.0,275.0,0.8096416606037697
0.0,275.0,0.8096917947177928
0.0,275.0,0.8097073101541559
0.0,275.0,0.8097763032457321
0.0,275.0,0.809749264354704
0.0,275.0,0.8098180807265358
0.0,275.0,0.8096785414391227
0.0,275.0,0.8098936208067188
0.0,275.0,0.809900726743433
0.0,275.0,0.8099536089604708
0.0,275.0,0.8099008815374262
0.0,275.0,0.8101261383269345
0.0,275.0,0.810346797549114
0.0,275.0,0.8105985951209728
0.0,275.0,0.8107945306348008
0.0,275.0,0.8112510800923196
0.0,275.0,0.8114932475253306
0.0,275.0,0.8120354659900748
0.0,275.0,0.8123047579559177
0.0,275.0,0.8127822360867928
0.0,276.0,0.8132750610884915
0.0,277.0,0.8136640085165191
0.0,277.0,0.8141701564473898
0.0,278.0,0.8146615151871118
0.0,279.0,0.8151930691747445
0.0,280.0,0.8158211140681735
0.0,280.0,0.816494205938884
0.0,281.0,0.8172740260480597
0.0,282.0,0.8178794054904026
0.0,283.0,0.818533134929348
0.0,283.0,0.8191473355680939
0.0,285.0,0.8199442157918816
0.0,285.0,0.8206348474256671
0.0,286.0,0.821364454392982
0.0,286.0,0.8221734550045473
0.0,287.0,0.8230342310810156
0.0,288.0,0.8238868089649992
0.0,289.0,0.8246917949895977
0.0,289.0,0.8253894422975774
0.0,290.0,0.8261923579695063
0.0,291.0,0.8271176357787433
0.0,292.0,0.8279404570883991
0.0,293.0,0.8287029788216206
0.0,293.0,0.8295026961878122
0.0,294.0,0.8303033250582282
0.0,295.0,0.830941071167993
0.0,296.0,0.8315395214386674
0.0,296.0,0.8320072116694764
0.0,297.0,0.8323781252575532
0.0,297.0,0.8330910090601307
0.0,299.0,0.8334815745995539
0.0,299.0,0.8338920424244196
0.0,300.0,0.8342863617748012
0.0,300.0,0.8344685365012957
0.0,300.0,0.834734832023278
0.0,300.0,0.8350188706198487
0.0,300.0,0.8350972740944461
0.0,300.0,0.8352524706560894
0.0,300.0,0.8354469736799406
0.0,300.0,0.8356596042038483
0.0,300.0,0.8358218648666038
0.0,300.0,0.8361627141044121
0.0,300.0,0.8364826582028061
0.0,300.0,0.8365261974675686
0.0,300.0,0.8367571527779947
0.0,300.0,0.8368944061246164
0.0,300.0,0.8369099996148427
0.0,300.0,0.8370175313596161
0.0,300.0,0.8367855222087859
0.0,300.0,0.8368532861218982
0.0,300.0,0.8368562608438626
0.0,300.0,0.8367850719154609
0.0,300.0,0.8368812486805066
0.0,300.0,0.8368382327118552
0.0,300.0,0.8368684533510542
0.0,300.0,0.8369559991165301
0.0,300.0,0.8370371532989578
0.0,300.0,0.8368970015174907
0.0,300.0,0.8368365157080724
0.0,300.0,0.8367318281500302
0.0,300.0,0.8367648542887879
0.0,300.0,0.8367119536115357
0.0,300.0,0.8368777233458445
0.0,300.0,0.8370769088313594
0.0,300.0,0.8371094536681623
0.0,300.0,0.837014647307882
0.0,300.0,0.8371347022128629
0.0,300.0,0.8371998438695255
0.0,300.0,0.8372209564655074
0.0,300.0,0.8371995026386935
0.0,300.0,0.8372570302384127
0.0,300.0,0.837205148700892
0.0,300.0,0.8371067221453644
0.0,300.0,0.837127473578013
0.0,300.0,0.8371172064598448
0.0,300.0,0.8372373390789302
0.0,300.0,0.837185879317667
0.0,300.0,0.8370330604542727
0.0,300.0,0.8370784718792199
0.0,300.0,0.8369875782915965
0.0,300.0,0.8367955700694395
0.0,300.0,0.8367618975740263
0.0,300.0,0.8368241657341208
0.0,300.0,0.8365767228928332
0.0,300.0,0.8367711963123895
0.0,300.0,0.8367870543612694
0.0,300.0,0.8365351586444923
0.0,300.0,0.8366581900381818
0.0,300.0,0.8368408724545445
0.0,300.0,0.8367510790956916
0.0,300.0,0.8369335648371581
0.0,300.0,0.8369497998821194
0.0,300.0,0.8370022483407481
0.0,300.0,0.8368560105324172
0.0,300.0,0.8370782521460437
0.0,300.0,0.837073844005429
0.0,300.0,0.8373405587668051
0.0,300.0,0.8373613106298146
0.0,300.0,0.8376635348704542
0.0,300.0,0.8380235323335904
0.0,300.0,0.838241201703225
0.0,301.0,0.8385774624565828
0.0,302.0,0.8390164234296513
0.0,302.0,0.8393709515050324
0.0,304.0,0.8398905387437013
0.0,304.0,0.8403777172754914
0.0,305.0,0.840613730186316
0.0,306.0,0.8409179717093404
0.0,307.0,0.8412829361705966
0.0,307.0,0.841661590387
0.0,308.0,0.8420817230287359
0.0,309.0,0.842543384108262
0.0,310.0,0.8431679909623243
0.0,310.0,0.8435322184193449
0.0,311.0,0.8439249018323325
0.0,312.0,0.8445620385058699
0.0,313.0,0.8453396088698644
0.0,313.0,0.8458530076784443
0.0,314.0,0.8464574055357004
0.0,315.0,0.8470233984007709
0.0,315.0,0.8476273118982454
0.0,316.0,0.8480970777593068
0.0,317.0,0.8487292420212377
0.0,318.0,0.8493391069785413
0.0,319.0,0.8499057796325087
0.0,319.0,0.8502977547621832
0.0,320.0,0.8506325605788493
0.0,321.0,0.8509842815917827
0.0,321.0,0.8514228370517024
0.0,322.0,0.8518038474256634
0.0,323.0,0.8524611708531474
0.0,324.0,0.8529592875715329
0.0,324.0,0.8532568361003784
0.0,325.0,0.8534303705179188
0.0,325.0,0.8537206984528665
0.0,325.0,0.8537723939386078
0.0,325.0,0.8538909274954268
0.0,325.0,0.8538916230717706
0.0,325.0,0.8540586779314503
0.0,325.0,0.8542604170195384
0.0,325.0,0.8544346646355659
0.0,325.0,0.8545155507938028
0.0,325.0,0.8547475906588053
0.0,325.0,0.8548676805362656
0.0,325.0,0.8549397688055358
0.0,325.0,0.855122765045541
0.0,325.0,0.8552989440982943
0.0,325.0,0.8553093750933338
0.0,325.0,0.8554621037848105
0.0,325.0,0.8554688050237967
0.0,325.0,0.8553725589027066
0.0,325.0,0.8554574436339576
0.0,325.0,0.8554547805158801
0.0,325.0,0.8552990034201361
0.0,325.0,0.8551968220796755
0.0,325.0,0.8549853836099479
0.0,325.0,0.8547474737139142
0.0,325.0,0.8544499891955786
0.0,325.0,0.854309372986831
0.0,325.0,0.8542744819134204
0.0,325.0,0.8543270059570002
0.0,325.0,0.8542280515072956
0.0,325.0,0.8542210195246914
0.0,325.0,0.8542984789914968
0.0,325.0,0.8543432456000273
0.0,325.0,0.8544991168541892
0.0,325.0,0.8546914752768034
0.0,325.0,0.8548007104576683
0.0,325.0,0.8547026107045594
0.0,325.0,0.8548170315974448
0.0,325.0,0.8547818917301772
0.0,325.0,0.8547765716549773
0.0,325.0,0.8548249746765634
0.0,325.0,0.8546491705586898
0.0,325.0,0.8546359860244989
0.0,325.0,0.8545126200818954
0.0,325.0,0.8546513273459329
0.0,325.0,0.8547403867130762
0.0,325.0,0.8546876486895649
0.0,325.0,0.854674350608068
0.0,325.0,0.8545949991391786
0.0,325.0,0.8544708014223561
0.0,325.0,0.8544110221068563
0.0,325.0,0.8544102486352035
0.0,325.0,0.8544491403654804
0.0,325.0,0.8544179718905434
0.0,325.0,0.8543860939771138
0.0,325.0,0.8543099212212191
0.0,325.0,0.8546467794966045
0.0,325.0,0.8545427003328637
0.0,325.0,0.8543595903190468
0.0,325.0,0.8544284123761714
0.0,324.0,0.85430626281446
0.0,324.0,0.854134491562563
0.0,323.0,0.8540301437857165
0.0,322.0,0.854046490203529
0.0,321.0,0.8538925494574193
0.0,321.0,0.8537550195020409
0.0,319.0,0.8534325756188272
0.0,319.0,0.8532259752201772
0.0,318.0,0.8529069252077195
0.0,317.0,0.8527762535503774
0.0,317.0,0.8524332052593628
0.0,316.0,0.8519946731748308
0.0,315.0,0.8517372315566742
0.0,315.0,0.8514322847402119
0.0,314.0,0.8510480466600742
0.0,313.0,0.8505802993498295
0.0,312.0,0.8505233472557844
0.0,311.0,0.8502572283176429
0.0,311.0,0.8498600197511975
0.0,310.0,0.8493436229585183
0.0,310.0,0.8489459650274215
0.0,308.0,0.8486209953338837
0.0,308.0,0.8481177726334826
0.0,307.0,0.8477441395500608
0.0,306.0,0.8473120616774025
0.0,305.0,0.8464169549026169
0.0,305.0,0.8459238267683444
0.0,304.0,0.8453611220638212
0.0,304.0,0.8446534193525482
0.0,302.0,0.8439785296155213
0.0,301.0,0.8433610009965267
0.0,301.0,0.8427600821535179
0.0,300.0,0.8423547366870294
0.0,299.0,0.841666542594298
0.0,299.0,0.8411344382431237
0.0,298.0,0.8404872920110459
0.0,297.0,0.8398245408728547
0.0,297.0,0.8392424360680703
0.0,296.0,0.8386553086417635
0.0,295.0,0.8380626846756895
0.0,294.0,0.8374640902515047
0.0,294.0,0.8368590514508659
0.0,293.0,0.8362470943554298
0.0,292.0,0.8356277450468529
0.0,291.0,0.8350005296067919
0.0,291.0,0.8343649741169037
0.0,289.0,0.8337206046588447
0.0,289.0,0.8330669473142717
0.0,288.0,0.8324035281648412
0.0,288.0,0.8317298732922099
0.0,287.0,0.8310455087780346
0.0,286.0,0.8303499607039719
0.0,285.0,0.8296427551516784
0.0,285.0,0.8289234182028108
0.0,283.0,0.8281914759390256
0.0,283.0,0.8274464544419797
0.0,282.0,0.8266878797933297
0.0,282.0,0.8259152780747322
0.0,281.0,0.8251281753678439
0.0,280.0,0.8243260977543214
0.0,279.0,0.8235085713158213
0.0,278.0,0.8226751221340005
